LAST_NAME;PERSONAL_PHOTO;NAME;SECOND_NAME;WORK_POSITION;EMAIL;PERSONAL_BIRTHDAY;PERSONAL_GENDER;WORK_PHONE;UF_1C_PHONE_INNER;PERSONAL_MOBILE;PERSONAL_ICQ;LOGIN;IBLOCK_SECTION_NAME_1;IBLOCK_SECTION_NAME_2;IBLOCK_SECTION_NAME_3;IBLOCK_SECTION_NAME_4
Gilbertson;e47/37b.jpg;Laura;;Accountant;l.gilbertson@example.com;09/12/1979;F;657-95-83;768;762-72-32;546-954-932;l.gilbertson;Berlin Office;Finance Department;Accounts Department;
Charles;9f4/39b.jpg;Eloise;;Accountant;e.charles@example.com;09/13/1973;F;877-83-98;653;733-14-94;739-943-835;e.charles;Berlin Office;Finance Department;Accounts Department;
Bigg;751/40b.jpg;Alisa;;Accountant;a.bigg@example.com;09/14/1980;F;659-94-82;791;990-72-87;632-223-944;a.bigg;Berlin Office;Finance Department;Accounts Department;
Adcock;240/41b.jpg;Natasha;;Accountant;n.adcock@example.com;09/15/1973;F;763-97-83;683;638-93-98;733-239-936;n.adcock;Berlin Office;Finance Department;Accounts Department;
Smollett;891/42b.jpg;Madeleine;;Accountant;m.smollett@example.com;09/16/1980;F;843-94-45;451;468-89-87;743-983-832;m.smollett;Berlin Office;Finance Department;Accounts Department;
Armstead;70b/11b.jpg;Owen;;Production Designer;o.armstead@example.com;07/03/1978;M;633-83-72;260;638-84-72;268-782-786;o.armstead;Berlin Office;Production Department;Production Design Division;
Bennet;c38/1b.jpg;Mary;;Production Designer;m.bennet@example.com;07/04/1978;F;674-83-83;470;562-89-83;431-834-216;m.bennet;Berlin Office;Production Department;Production Design Division;
Bullokar;f18/2b.jpg;Natasha;;Production Designer;n.bullokar@example.com;07/05/1978;F;652-98-83;901;399-51-45;644-954-945;n.bullokar;Berlin Office;Production Department;Production Design Division;
Maitland;b12/12b.jpg;Andrew;;Production Designer;a.maitland@example.com;07/06/1980;M;438-73-72;168;256-82-83;511-782-221;a.maitland;Berlin Office;Production Department;Production Design Division;
Curzon;152/13b.jpg;Daniel;;Production Designer;d.curzon@example.com;07/07/1978;M;567-78-83;678;653-83-94;672-834-332;d.curzon;Berlin Office;Production Department;Production Design Division;
Watkin;68d/14b.jpg;Leo;;Production Designer;l.watkin@example.com;07/08/1976;M;653-73-73;524;567-84-83;622-833-821;l.watkin;Berlin Office;Production Department;Production Design Division;
Church;bf8/42-17703660.gif;Finley;;Production Designer;f.church@example.com;07/09/1978;M;567-32-73;368;547-73-83;379-832-832;f.church;Berlin Office;Production Department;Production Design Division;
Toy;794/200479221-001.gif;Alexander;;Production Designer;a.toy@example.com;07/10/1980;M;633-83-94;369;622-83-43;628-832-832;a.toy;Berlin Office;Production Department;Production Design Division;
Calbraith;9a2/73122053.gif;Eugene;;Chief Production Designer;e.calbraith@example.com;07/11/1976;M;333-83-83;675;688-83-94;617-832-832;e.calbraith;Berlin Office;Production Department;Production Design Division;
Brook;ed6/18b.jpg;Dimitris;;Production Designer;d.brook@example.com;07/12/1975;M;620-56-93;546;567-83-93;278-832-322;d.brook;Berlin Office;Production Department;Production Design Division;
Pennington;635/200507598-001.gif;Morgan;;Designer;m.pennington@example.com;07/13/1976;M;567-84-83;667;844-84-43;622-983-832;m.pennington;Berlin Office;Production Department;Design Team;
Barron;aac/42-18010717.gif;Alex;;Designer;a.barron@example.com;07/14/1975;M;722-94-94;156;629-94-94;733-893-833;a.barron;Berlin Office;Production Department;Design Team;
Randell;6e5/21b.jpg;Andrew;;Designer;a.randell@example.com;07/15/1969;M;;;;;a.randell;Berlin Office;Production Department;Design Team;
Broome;571/22b.jpg;Valentine;;Designer;v.broome@example.com;07/16/1978;M;680-83-94;789;880-43-63;898-833-828;v.broome;Berlin Office;Production Department;Design Team;
Swash;a17/3b.jpg;Louise;;Designer;l.swash@example.com;07/17/1978;F;564-943-784;773;544-84-33;633-832-832;l.swash;Berlin Office;Production Department;Design Team;
Bowen;058/4b.jpg;Lorena;;Designer;l.bowen@example.com;07/18/1976;F;954-94-52;749;733-90-83;622-721-858;l.bowen;Berlin Office;Production Department;Design Team;
Beauchamp;655/5b.jpg;Alice;;Designer;a.beauchamp@example.com;07/19/1978;F;736-84-94;338;348-83-32;793-943-228;a.beauchamp;Berlin Office;Production Department;Design Team;
Skivington;d5c/stk147530rke.gif;Ella;;Designer;e.skivington@example.com;07/20/1980;F;356-83-93;579;764-89-84;279-943-944;e.skivington;Berlin Office;Production Department;Design Team;
Carlisle;ba5/7b.jpg;Natasha;;Designer;n.carlisle@example.com;07/21/1978;F;843-94-93;738;657-65-94;379-944-944;n.carlisle;Berlin Office;Production Department;Design Team;
Burkitt;65f/42-17924555.gif;Natasha;;Designer;n.burkitt@example.com;07/22/1973;F;546-36-22;530;952-52-22;330-523-628;n.burkitt;Berlin Office;Production Department;Design Team;
Crofts;37f/33b.jpg;Valentine;;Inspector;v.crofts@example.com;09/07/1980;F;239-89-52;939;297-52-21;295-219-310;v.crofts;Berlin Office;Finance Department;Auditors;
Cann;d75/43b.jpg;Vincent;;Inspector;v.cann@example.com;09/09/1974;M;457-88-83;734;733-83-23;842-944-943;v.cann;Berlin Office;Finance Department;Auditors;
Howorth;da1/35b.jpg;Ella;;Inspector;e.howorth@example.com;09/10/1978;F;452-89-84;741;456-34-95;633-145-936;e.howorth;Berlin Office;Finance Department;Auditors;
Cowley;057/36b.jpg;Annette;;Inspector;a.cowley@example.com;09/11/1981;F;351-84-95;742;356-94-98;628-578-827;a.cowley;Berlin Office;Finance Department;Auditors;
Tidwell;6e7/40b.jpg;Paul;;Software Tester;p.tidwell@example.com;08/21/1975;M;547-62-62;549;657-97-51;345-759-511;p.tidwell;Berlin Office;Quality Control Department;Production Control Division;
Westerman;b24/200418306-002.gif;Serge;;Software Tester;s.westerman@example.com;08/22/1979;M;531-34-95;7491;879-54-84;391-898-833;s.westerman;Berlin Office;Quality Control Department;Production Control Division;
Childe;478/72983899.gif;Laura;;Software Tester;l.childe@example.com;08/23/1976;F;761-73-73;312;467-25-75;578-833-833;l.childe;Berlin Office;Quality Control Department;Production Control Division;
Hepburn;56f/21b.jpg;Annette;;Software Tester;a.hepburn@example.com;08/24/1976;F;651-84-85;3780;732-84-43;674-844-833;a.hepburn;Berlin Office;Quality Control Department;Production Control Division;
Acres;a12/22b.jpg;Olivia;;Software Tester;o.acres@example.com;08/25/1980;F;441-73-95;502;637-87-22;738-843-325;o.acres;Berlin Office;Quality Control Department;Production Control Division;
Coley;b91/23b.jpg;Tegan;;Programmer;t.coley@example.com;08/26/1977;F;651-89-94;7330;734-41-89;844-468-954;t.coley;Berlin Office;Quality Control Department;Standartization Division;
Bayley;9d7/24b.jpg;Laura;;Programmer;l.bayley@example.com;08/27/1979;F;744-94-54;480;441-95-53;742-985-943;l.bayley;Berlin Office;Quality Control Department;Standartization Division;
Smallcombe;02a/25b.jpg;Laura;;Programmer;l.smallcombe@example.com;08/28/1956;F;851-95-64;853;680-54-85;908-565-543;l.smallcombe;Berlin Office;Quality Control Department;Standartization Division;
Funnell;9b2/26b.jpg;Tegan;;Programmer;t.funnell@example.com;08/29/1975;F;841-95-99;574;841-33-98;890-545-833;t.funnell;Berlin Office;Quality Control Department;Standartization Division;
Chapman;2b2/27b.jpg;Laura;;Programmer;l.chapman@example.com;08/30/1979;F;744-92-84;840;449-89-54;859-840-548;l.chapman;Berlin Office;Quality Control Department;Standartization Division;
Mallory;f4e/28b.jpg;Victoria;;Expert;v.mallory@example.com;09/01/1978;F;763-90-09;763;769-83-83;798-945-943;v.mallory;Berlin Office;Quality Control Department;Expert Comission;
Worsley;745/29b.jpg;Olivia;;Expert;o.worsley@example.com;09/02/1977;F;442-84-83;737;640-94-98;736-975-832;o.worsley;Berlin Office;Quality Control Department;Expert Comission;
Poulter;8f2/30b.jpg;John;;Expert;j.poulter@example.com;09/03/1980;F;637-73-87;631;877-83-87;732-126-843;j.poulter;Berlin Office;Quality Control Department;Expert Comission;
Ablett;4d9/31b.jpg;Laura;;Expert;l.ablett@example.com;09/04/1979;F;654-64-73;372;667-65-08;637-833-732;l.ablett;Berlin Office;Quality Control Department;Expert Comission;
Isitt;b9c/34b.jpg;Gala;;Expert;g.isitt@example.com;09/06/1980;F;763-98-53;521;657-80-72;631-943-942;g.isitt;Berlin Office;Quality Control Department;Expert Comission;
Coleclough;f70/73828670.gif;Vincent;;Programmer;v.coleclough@example.com;07/23/1980;M;356-84-83;378;327-44-93;379-832-942;v.coleclough;Berlin Office;Production Department;Software Development;
Harman;0d8/200068573-001.gif;Vaughn;;Programmer;v.harman@example.com;07/24/1975;M;536-84-94;371;889-87-84;356-833-832;v.harman;Berlin Office;Production Department;Software Development;
Cotterill;a18/200118194-001.gif;Morgan;;Programmer;m.cotterill@example.com;07/25/1968;M;374-83-93;564;377-87-93;744-833-831;m.cotterill;Berlin Office;Production Department;Software Development;
Josephson;489/26b.jpg;Alexander;;Programmer;a.josephson@example.com;07/26/1980;M;654-94-89;449;389-39-43;985-944-931;a.josephson;Berlin Office;Production Department;Software Development;
Rixon;20c/27b.jpg;Joel;;Programmer;j.rixon@example.com;07/27/1977;M;674-93-67;562;462-73-84;844-830-611;j.rixon;Berlin Office;Production Department;Software Development;
Codling;dd2/28b.jpg;Morgan;;Programmer;m.codling@example.com;07/28/1979;M;599-43-84;633;785-94-43;489-095-953;m.codling;Berlin Office;Production Department;Software Development;
Aitchison;355/200156574-001.gif;Nickolas;;Programmer;n.aitchison@example.com;07/29/1977;M;479-94-43;402;468-43-43;637-932-945;n.aitchison;Berlin Office;Production Department;Software Development;
Paynter;d0c/30b.jpg;John;;Programmer;j.paynter@example.com;07/30/1975;M;468-83-83;764;855-94-94;678-230-833;j.paynter;Berlin Office;Production Department;Software Development;
Teagarden;b8d/31b.jpg;Reece;;Programmer;r.teagarden@example.com;08/01/1976;M;765-09-43;478;764-83-94;488-943-942;r.teagarden;Berlin Office;Production Department;Software Development;
Whately;825/32b.jpg;Joel;;Programmer;j.whately@example.com;08/02/1976;M;745-95-83;567;745-05-94;468-356-732;j.whately;Berlin Office;Production Department;Software Development;
Wragg;85b/44b.jpg;Morgan;;Programmer;m.wragg@example.com;09/17/1978;M;600-83-94;876;438-94-93;368-943-893;m.wragg;Berlin Office;IT Department;Information Security Service;
Bent;fc2/46b.jpg;Anthony;;Programmer;a.bent@example.com;09/18/1974;M;743-94-94;891;737-87-51;955-443-832;a.bent;Berlin Office;IT Department;Information Security Service;
Emmett;cb2/47b.jpg;Reece;;Programmer;r.emmett@example.com;09/19/1975;M;446-42-36;4780;657-15-84;368-550-832;r.emmett;Berlin Office;IT Department;Information Security Service;
Belcher;62b/43b.jpg;Laura;;Programmer;l.belcher@example.com;09/20/1980;F;622-98-81;771;658-83-13;849-943-357;l.belcher;Berlin Office;IT Department;Information Security Service;
Crabtree;1f8/44b.jpg;Isabel;;Programmer;i.crabtree@example.com;09/21/1978;F;635-61-19;591;690-41-51;299-518-677;i.crabtree;Berlin Office;IT Department;Information Security Service;
King;349/45b.jpg;Madeleine;;Programmer;m.king@example.com;09/22/1979;F;843-89-83;833;871-93-64;677-834-053;m.king;Berlin Office;IT Department;Software Support Service;
Brockett;929/46b.jpg;Louise;;Programmer;l.brockett@example.com;09/23/1984;F;489-05-94;892;647-87-34;779-942-932;l.brockett;Berlin Office;IT Department;Software Support Service;
Passy;b3a/48b.jpg;Andrew;;Programmer;a.passy@example.com;09/24/1976;M;742-93-89;735;784-94-82;876-943-822;a.passy;Berlin Office;IT Department;Software Support Service;
Derrick;757/49b.jpg;Morgan;;Programmer;m.derrick@example.com;09/25/1979;M;736-51-25;7350;437-87-82;728-831-897;m.derrick;Berlin Office;IT Department;Software Support Service;
Alington;2f2/50b.jpg;Gregory;;Programmer;g.alington@example.com;09/26/1980;M;723-05-83;851;678-25-72;678-157-953;g.alington;Berlin Office;IT Department;Software Support Service;
Laycock;6f1/51b.jpg;Morgan;;System Administrator;m.laycock@example.com;09/27/1979;M;842-94-94;748;763-94-83;784-942-943;m.laycock;Berlin Office;IT Department;Technical Support Service;
Best;499/52b.jpg;Morgan;;System Administrator;m.best@example.com;09/28/1975;M;763-24-06;841;590-83-36;547-984-83`;m.best;Berlin Office;IT Department;Technical Support Service;
Bewley;ba4/53b.jpg;Serge;;System Administrator;s.bewley@example.com;09/29/1981;M;839-82-45;455;842-94-42;975-942-641;s.bewley;Berlin Office;IT Department;Technical Support Service;
Blake;ba2/54b.jpg;Alex;;System Administrator;a.blake@example.com;09/30/1980;M;894-94-84;902;846-43-93;903-832-893;a.blake;Berlin Office;IT Department;Technical Support Service;
Morris;9b1/55b.jpg;Nickolas;;System Administrator;n.morris@example.com;10/01/1978;M;724-84-89;523;722-83-85;568-922-837;n.morris;Berlin Office;IT Department;Technical Support Service;
Chaucer;68d/33b.jpg;Rhys;;Animator;r.chaucer@example.com;08/03/1979;M;765-44-83;889;382-95-45;844-396-833;r.chaucer;Berlin Office;Production Department;Animation Studio;
Abbot;c6c/200291175-004.gif;Faith;;Animator;f.abbot@example.com;08/04/1976;F;431-94-83;682;643-99-94;332-933-943;f.abbot;Berlin Office;Production Department;Animation Studio;
Strickland;c6e/9b.jpg;Ella;;Animator;e.strickland@example.com;08/05/1961;F;731-83-93;545;567-94-43;855-432-934;e.strickland;Berlin Office;Production Department;Animation Studio;
Channing;5a2/10b.jpg;Tegan;;Animator;t.channing@example.com;08/06/1976;F;632-97-93;471;571-94-94;833-444-948;t.channing;Berlin Office;Production Department;Animation Studio;
Buswell;146/11b.jpg;Tegan;;Animator;t.buswell@example.com;08/07/1976;F;621-83-94;731;638-95-05;532-944-832;t.buswell;Berlin Office;Production Department;Animation Studio;
Mayall;0b4/200495913-001.gif;Louise;;Animator;l.mayall@example.com;08/08/1980;F;787-94-94;403;678-83-93;763-833-982;l.mayall;Berlin Office;Production Department;Animation Studio;
Thomas;59d/200472755-001.gif;Yolanda;;Animator;y.thomas@example.com;08/09/1976;F;632-72-72;732;737-94-94;732-822-323;y.thomas;Berlin Office;Production Department;Animation Studio;
Chiles;7f9/200284458-001.gif;Anthony;;Sound Director;a.chiles@example.com;08/10/1981;M;446-76-73;733;567-12-95;738-830-833;a.chiles;Berlin Office;Production Department;Recording Studio;
Clavering;4f9/34b.jpg;Serge;;Sound Director;s.clavering@example.com;08/11/1976;M;633-74-73;801;584-54-54;346-680-872;s.clavering;Berlin Office;Production Department;Recording Studio;
Boddy;21c/200299144-001.gif;Sebastian;;Sound Director;s.boddy@example.com;08/12/1978;M;546-50-74;201;955-98-52;736-054-722;s.boddy;Berlin Office;Production Department;Recording Studio;
Cotton;fdc/15b.jpg;Ella;;Sound Director;e.cotton@example.com;08/13/1979;F;467-54-53;767;389-90-84;356-838-944;e.cotton;Berlin Office;Production Department;Recording Studio;
Abbott;62b/36b.jpg;Serge;;Audio Engineer;s.abbott@example.com;08/14/1979;M;749-83-67;681;567-25-63;455-884-832;s.abbott;Berlin Office;Production Department;Recording Studio;
Buckmaster;297/16b.jpg;Gala;;Audio Engineer;g.buckmaster@example.com;08/15/1984;F;764-76-98;674;585-54-51;768-985-085;g.buckmaster;Berlin Office;Production Department;Recording Studio;
Carrier;249/37b.jpg;Roman;;Programmer;r.carrier@example.com;08/16/1978;M;849-98-84;743;674-98-95;741-954-544;r.carrier;Berlin Office;Production Department;Technology Support;
Giles;a14/200311548-001.gif;Anthony;;Programmer;a.giles@example.com;08/17/1980;M;571-55-52;5450;541-54-98;543-107-522;a.giles;Berlin Office;Production Department;Technology Support;
Fitzhugh;cdc/200368697-001.gif;Valentine;;Programmer;v.fitzhugh@example.com;08/18/1978;F;702-84-94;7490;363-94-41;761-843-843;v.fitzhugh;Berlin Office;Production Department;Technology Support;
Chambers;d7e/39b.jpg;Anthony;;Programmer;a.chambers@example.com;08/19/1980;M;854-63-52;2000;453-52-52;452-976-419;a.chambers;Berlin Office;Production Department;Technology Support;
Hobbs;6ca/19b.jpg;Natasha;;Programmer;n.hobbs@example.com;08/20/1976;F;491-54-97;659;639-25-52;218-410-425;n.hobbs;Berlin Office;Production Department;Technology Support;
Baines;5c6/1b.jpg;Eugene;;Administrator;e.baines@example.com;06/23/1976;M;546-62-76;435;346-13-72;418-522-832;e.baines;Berlin Office;Office Administration;;
Brock;531/2b.jpg;Cameron;;Chief Executive;c.brock@example.com;06/24/1970;M;645-72-21;267;546-83-78;667-763-221;c.brock;Berlin Office;Office Administration;;
Gorelick;e97/3b.jpg;John;;Administrator;j.gorelick@example.com;06/25/1974;M;656-94-54;437;542-96-54;622-762-672;j.gorelick;Berlin Office;Office Administration;;
Large;cdf/4b.jpg;Serge;;Administrator;s.large@example.com;06/26/1976;M;664-87-95;452;265-65-85;466-843-835;s.large;Berlin Office;Office Administration;;
Vincent;0bb/42-17842521.gif;Serge;;Administrator;s.vincent@example.com;06/27/1978;M;768-84-84;450;845-09-73;546-984-323;s.vincent;Berlin Office;Office Administration;;
Atkins;ca0/7b.jpg;Alex;;Deputy Director;a.atkins@example.com;06/28/1974;M;995-66-53;544;456-79-56;669-555-877;a.atkins;Berlin Office;Office Administration;;
Bland;e8a/7b.jpg;Basil;;Administrator;b.bland@example.com;06/29/1975;M;;;;;b.bland;Berlin Office;Office Administration;;
Lincoln;d41/8b.jpg;Alex;;Administrator;a.lincoln@example.com;06/30/1980;M;223-72-76;701;549-95-45;548-529-418;a.lincoln;Berlin Office;Office Administration;;
Breckenridge;fa2/9b.jpg;Anthony;;Administrator;a.breckenridge@example.com;07/01/1971;M;546-83-83;262;635-84-98;622-722-762;a.breckenridge;Berlin Office;Office Administration;;
Broom;3a8/10b.jpg;Andrew;;Administrator;a.broom@example.com;07/02/1978;M;356-84-94;753;542-85-83;468-843-721;a.broom;Berlin Office;Office Administration;;
Aarons;118/52b.jpg;Natasha;;Office Manager;n.aarons@example.com;10/12/1979;F;622-89-72;736;423-98-76;832-828-916;n.aarons;Berlin Office;Supply Department;;
Adair;c59/53b.jpg;Aaliyah;;Office Manager;a.adair@example.com;10/13/1980;F;732-97-82;481;749-94-94;490-328-984;a.adair;Berlin Office;Supply Department;;
Bloxsom;2d9/54b.jpg;Sophie;;Office Manager;s.bloxsom@example.com;10/14/1981;F;317-84-72;7320;622-72-82;673-832-212;s.bloxsom;Berlin Office;Supply Department;;
Brodie;ebf/55b.jpg;Louise;;Office Manager;l.brodie@example.com;10/15/1976;F;833-83-35;745;732-73-72;278-985-821;l.brodie;Berlin Office;Supply Department;;
Fettiplace;f3a/56b.jpg;Mary-Anne;;Office Manager;m.fettiplace@example.com;10/16/1979;F;623-83-83;381;627-93-78;722-832-818;m.fettiplace;Berlin Office;Supply Department;;
Audley;58c/56b.jpg;Andrew;;Security Officer;a.audley@example.com;10/07/1980;M;735-83-65;621;561-78-72;763-983-153;a.audley;Berlin Office;Security Department;;
Barlow;475/200524266-002.gif;Alexander;;Security Officer;a.barlow@example.com;10/08/1975;M;211-89-35;852;736-72-76;723-831-932;a.barlow;Berlin Office;Security Department;;
Brightman;218/58b.jpg;Dimitris;;Security Officer;d.brightman@example.com;10/09/1976;M;657-67-83;571;367-94-35;678-894-831;d.brightman;Berlin Office;Security Department;;
Sutcliffe;4bf/60b.gif;Victor;;Security Officer;v.sutcliffe@example.com;10/10/1975;M;575-27-89;632;572-94-98;653-842-374;v.sutcliffe;Berlin Office;Security Department;;
Bigge;2e3/3700-003588.gif;Alexander;;Chief security officer;a.bigge@example.com;10/11/1975;M;783-95-83;781;769-35-84;378-943-337;a.bigge;Berlin Office;Security Department;;
Hampson;e07/47b.jpg;Olivia;;Lawyer;o.hampson@example.com;10/02/1979;F;734-83-94;842;436-83-36;955-789-942;o.hampson;Berlin Office;Legal Department;;
Bedingfield;045/48b.jpg;Isabel;;Lawyer;i.bedingfield@example.com;10/03/1978;F;652-35-83;739;732-35-91;658-831-836;i.bedingfield;Berlin Office;Legal Department;;
Fisher;950/49b.jpg;Shannon;;Lawyer;s.fisher@example.com;10/04/1977;F;873-98-25;373;782-94-71;548-245-094;s.fisher;Berlin Office;Legal Department;;
Dimbleby;ff1/50b.jpg;Tamara;;Lawyer;t.dimbleby@example.com;10/05/1975;F;228-93-12;629;739-34-81;789-933-821;t.dimbleby;Berlin Office;Legal Department;;
Cardew;3e4/51b.jpg;Ella;;Lawyer;e.cardew@example.com;10/06/1973;F;358-87-72;744;621-83-82;781-328-921;e.cardew;Berlin Office;Legal Department;;
Mayhew;e21/22.jpg;Morgan;;Manager;m.mayhew@example.com;03/19/1982;M;246-67-43;51;522-64-43;354-333-234;m.mayhew;London Office;Finance Department;Accounts Department;
Cass;bd0/AX933157.jpg;Zoe;;Accountant;z.cass@example.com;03/20/1983;F;436-53-34;628;324-46-23;463-235-123;z.cass;London Office;Finance Department;Accounts Department;
Reynolds;140/AX933183.jpg;Mary;;Accountant;m.reynolds@example.com;03/21/1980;M;234-52-34;324;234-64-22;435-234-123;m.reynolds;London Office;Finance Department;Accounts Department;
Croucher;7a7/CB107485.jpg;Isabel;;Accountant;i.croucher@example.com;03/22/1977;F;253-67-34;537;235-75-23;532-753-126;i.croucher;London Office;Finance Department;Accounts Department;
Rowbotham;df1/CB107692.jpg;Shannon;;Accountant;s.rowbotham@example.com;03/23/1983;F;352-64-23;647;235-75-23;543-624-643;s.rowbotham;London Office;Finance Department;Accounts Department;
Haring;1f4/CB107922.jpg;Alisha;;Accountant;a.haring@example.com;03/24/1983;F;352-76-23;512;532-54-23;453-643-234;a.haring;London Office;Finance Department;Accounts Department;
Alder;b83/CN000014020.jpg;Faith;;Accountant;f.alder@example.com;03/25/1983;F;352-64-12;531;124-55-23;236-123-654;f.alder;London Office;Finance Department;Accounts Department;
Campion;430/42-18237008.jpg;Spencer;;Accountant;s.campion@example.com;03/26/1981;M;326-42-76;128;153-76-23;654-234-123;s.campion;London Office;Finance Department;Accounts Department;
Brockman;3c7/1.jpg;Peter;;Manager;p.brockman@example.com;02/21/1980;M;342-56-45;94;453-57-23;123-432-123;p.brockman;London Office;IT Department;Business Systems Department;
Coxon;81e/2.jpg;Oscar;;Manager;o.coxon@example.com;02/22/1983;M;342-54-56;65;237-65-54;375-760-4456;o.coxon;London Office;IT Department;Business Systems Department;
Pickard;966/42-17195835.gif;Owen;;Manager;o.pickard@example.com;02/23/1976;M;473-45-23;43;345-23-14;439-54-261;o.pickard;London Office;IT Department;Business Systems Department;
Sprat;f28/4.jpg;Joel;;Manager;j.sprat@example.com;02/24/1980;M;652-43-64;46;274-45-32;675-143-866;j.sprat;London Office;IT Department;Business Systems Department;
Acheson;1ae/5.jpg;Leo;;Manager;l.acheson@example.com;02/25/1983;M;274-65-32;68;675-43-32;435-645-132;l.acheson;London Office;IT Department;Business Systems Department;
Cawley;c1a/0000350851-005.jpg;Abigail;;Manager;a.cawley@example.com;02/26/1983;F;435-67-92;32;384-35-53;432-645-132;a.cawley;London Office;IT Department;Business Systems Department;
Gabbard;c29/AA001425.jpg;Peter;;Leading IT-Specialist;p.gabbard@example.com;12/08/1970;M;188 95 68;95 68;656 32 32;3165467;p.gabbard;London Office;IT Department;Business Systems Department;
Coburn;a88/200133001-001.gif;Denis;;Software Tester;d.coburn@example.com;05/10/2007;M;;;;;d.coburn;London Office;IT Department;Business Systems Department;
Borrow;f20/26.jpg;John;;Manager;j.borrow@example.com;01/26/1977;M;222-33-55;1;123-55-65;243-456-987;j.borrow;London Office;Client Service Department;Call Centre;
Stephen;974/27.jpg;Alexander;;Manager;a.stephen@example.com;01/27/1982;M;333-44-11;2;341-43-52;456-765;a.stephen;London Office;Client Service Department;Call Centre;
Cumberland;6df/28.jpg;Joel;;Manager;j.cumberland@example.com;01/28/1986;M;333-44-22;3;345-75-12;394-232-195;j.cumberland;London Office;Client Service Department;Call Centre;
Day-Lewis;e3f/42-17475932.gif;Paul;;Manager;p.day-lewis@example.com;01/30/1973;M;364-23-14;7;345-67-32;345-234-987;p.day-lewis;London Office;Client Service Department;Call Centre;
Hoby;b8f/woman3_big.jpg;Sophie;;Manager;s.hoby@example.com;01/31/1977;F;856-34-56;123;573-56-78;674-865-456;s.hoby;London Office;Client Service Department;Call Centre;
Bradley;efb/42-17395771.gif;Nickolas;;Manager;n.bradley@example.com;02/01/1981;M;345-22-34;125;325-65-87;434-556;n.bradley;London Office;Client Service Department;Call Centre;
Hansom;24a/m12_big.jpg;George;;Manager;g.hansom@example.com;02/02/1970;M;453-67-32;876;668-53-87;456-768-900;g.hansom;London Office;Client Service Department;Call Centre;
Appleby;1bd/m13_big.jpg;Ryan;;Manager;r.appleby@example.com;02/03/1985;M;345-67-88;87;567-65-66;234-987-786;r.appleby;London Office;Client Service Department;Call Centre;
Elderton;d0f/42-18113577.gif;Matthew;;Manager;m.elderton@example.com;02/04/1988;M;334-44-22;85;453-66-87;456-65-34;m.elderton;London Office;Client Service Department;Call Centre;
Mather;554/woman2_big.jpg;Daisy;;Manager;d.mather@example.com;02/05/1987;F;444-45-34;343;345-33-12;345-936-544;d.mather;London Office;Client Service Department;Call Centre;
Kent;159/42-17224259.gif;Basil;;Manager;b.kent@example.com;02/06/1986;M;564-56-34;234;346-65-54;564-768-776;b.kent;London Office;Client Service Department;Call Centre;
Cannan;33c/42-17830889.gif;Katherine;;Manager;k.cannan@example.com;02/07/1986;F;454-33-42;121;345-65-43;343-454-223;k.cannan;London Office;Client Service Department;Call Centre;
York;cbd/AX073382.jpg;Alisha;;Manager;a.york@example.com;03/05/1980;M;735-84-34;365;367-85-23;358-473-235;a.york;London Office;IT Department;System Solutions Department;
Crosland;cdd/42-17012767.gif;Boris;;Manager;b.crosland@example.com;03/06/1983;M;273-45-27;82;153-63-12;153-643-123;b.crosland;London Office;IT Department;System Solutions Department;
Reynell;99f/12.jpg;Nicholas;;Manager;n.reynell@example.com;03/07/1986;M;262-874-854;245;954-36-85;724-834-873;n.reynell;London Office;IT Department;System Solutions Department;
Manwaring;c15/13.jpg;Nicholas;;Manager;n.manwaring@example.com;03/08/1979;M;327-73-65;364;262-52-35;347-867;n.manwaring;London Office;IT Department;System Solutions Department;
Duke;28f/14.jpg;Maximilian;;Manager;m.duke@example.com;03/09/1985;M;387-74-74;35;364-75-22;364-243-645;m.duke;London Office;IT Department;System Solutions Department;
Shephard;f2f/15.jpg;Owen;;Manager;o.shephard@example.com;03/10/1984;M;375-45-56;327;253-56-56;345-724-123;o.shephard;London Office;IT Department;System Solutions Department;
Childs;ab8/16.jpg;Basil;;Manager;b.childs@example.com;03/11/1981;M;262-83-34;20;153-74-35;735-744-324;b.childs;London Office;IT Department;System Solutions Department;
Cobbs;5d3/42-15536733.gif;Dimitris;;Analyst;d.cobbs@example.com;04/24/1982;M;188 95 23;95 23;988 65 54;321657876;d.cobbs;London Office;IT Department;System Solutions Department;
Astill;9db/42-16789093.gif;Serge;;System Analyst;s.astill@example.com;02/08/1982;M;787 95 32;95 32;999 35 65;32165498;s.astill;London Office;IT Department;System Solutions Department;
Hallows;5cb/49.jpg;Owen;;Manager;o.hallows@example.com;04/26/1979;M;111-53-21;13;843-23-52;463-237-123;o.hallows;London Office;Marketing Department;e-Marketing Team;
Ventris;09b/DZ006932.jpg;Chloe;;Manager;c.ventris@example.com;04/27/1979;F;423-12-64;671;357-34-23;458-345-345;c.ventris;London Office;Marketing Department;e-Marketing Team;
Williamson;bab/50.jpg;John;;Manager;j.williamson@example.com;04/28/1984;M;873-34-76;734;263-34-45;435-568-432;j.williamson;London Office;Marketing Department;e-Marketing Team;
Flack;ec2/51.jpg;Leo;;Manager;l.flack@example.com;04/29/1980;M;745-34-86;341;175-50-53;643-675-656;l.flack;London Office;Marketing Department;e-Marketing Team;
Clowes;f26/52.jpg;Nicholas;;Manager;n.clowes@example.com;04/30/1976;M;374-67-34;274;476-34-56;743-566-342;n.clowes;London Office;Marketing Department;e-Marketing Team;
Catchpole;751/53.jpg;Leo;;Manager;l.catchpole@example.com;05/01/1984;M;856-43-23;634;486-56-12;364-231-231;l.catchpole;London Office;Marketing Department;e-Marketing Team;
Levett;cd5/42-16841618.gif;Denis;;SEO Administrator;d.levett@example.com;05/25/1980;M;188 95 29;95 29;;6876415;d.levett;London Office;Marketing Department;e-Marketing Team;
Bowra;096/42-17621060.gif;Laura;;Manager;l.bowra@example.com;02/07/1984;F;453-56-34;345;345-67-45;253-345-353;l.bowra;London Office;Client Service Department;Client Support Team;
Shelton;f64/42-18099963.gif;Finley;;Manager;f.shelton@example.com;02/08/1985;M;670-23-86;34;563-87-76;455-342;f.shelton;London Office;Client Service Department;Client Support Team;
Birkin;bcb/w15_big.jpg;Abigail;;Manager;a.birkin@example.com;02/09/1978;F;434-45-67;37;454-77-54;564-769-324;a.birkin;London Office;Client Service Department;Client Support Team;
Hayes;2c8/m17_big.jpg;Daniel;;Manager;d.hayes@example.com;02/10/1978;M;546-78-12;11;546-66-78;564-657-543;d.hayes;London Office;Client Service Department;Client Support Team;
Meynell;164/42-17884084.gif;Joel;;Manager;j.meynell@example.com;02/11/1968;M;564-11-21;15;967-26-56;564-450-556;j.meynell;London Office;Client Service Department;Client Support Team;
Drewe;5b8/42-17924856.gif;Samuel;;Manager;s.drewe@example.com;02/12/1983;M;435-68-56;16;767-32-43;675-345-233;s.drewe;London Office;Client Service Department;Client Support Team;
Ackerman;ef2/42-17751561.gif;Abigail;;Manager;a.ackerman@example.com;02/13/1979;F;564-65-34;23;546-45-45;453-566-453;a.ackerman;London Office;Client Service Department;Client Support Team;
Walker;012/42-17942495.gif;Alexander;;Manager;a.walker@example.com;02/14/1976;M;453-77-66;453;879-54-38;345-234-112;a.walker;London Office;Client Service Department;Client Support Team;
Chase;8ff/AX049682.jpg;Zoe;;Manager;z.chase@example.com;02/27/1979;F;687-13-67;65;257-12-65;653-275;z.chase;London Office;IT Department;New Superb Secret Technology Department;
Bessie;f19/AX061622.jpg;Naomi;;Manager;n.bessie@example.com;02/28/1984;F;267-12-68;72;724-23-86;432-457-324;n.bessie;London Office;IT Department;New Superb Secret Technology Department;
Templer;120/6.jpg;Archie;;Manager;a.templer@example.com;03/01/1983;M;835-32-78;89;265-56-35;247-346-306;a.templer;London Office;IT Department;New Superb Secret Technology Department;
Bramwell;59f/7.jpg;Andrew;;Manager;a.bramwell@example.com;03/01/1981;M;264-43-13;49;164-45-26;453-345-382;a.bramwell;London Office;IT Department;New Superb Secret Technology Department;
Blair;92a/8.jpg;Alex;;Manager;a.blair@example.com;03/02/1997;M;635-64-12;69;263-78-23;264-873;a.blair;London Office;IT Department;New Superb Secret Technology Department;
Hopkins;25e/9.jpg;Victor;;Manager;v.hopkins@example.com;03/03/1985;M;274-45-12;29;164-43-68;374-854-234;v.hopkins;London Office;IT Department;New Superb Secret Technology Department;
Cresswell;4c0/10.jpg;Ryan;;Manager;r.cresswell@example.com;03/04/1983;M;127-84-43;47;167-47-45;374-463;r.cresswell;London Office;IT Department;New Superb Secret Technology Department;
Pike;702/37.jpg;Ewan;;Manager;e.pike@example.com;04/12/1982;M;387-23-125;843;193-23-12;235-865-234;e.pike;London Office;Marketing Department;Printing Division;
Wakeham;9a6/38.jpg;Archie;;Manager;a.wakeham@example.com;04/13/1982;M;285-34-76;295;167-63-23;642-675-231;a.wakeham;London Office;Marketing Department;Printing Division;
Branch;a76/39.jpg;Nickolas;;Manager;n.branch@example.com;04/15/1981;M;274-21-53;324;612-65-12;734-645-234;n.branch;London Office;Marketing Department;Printing Division;
Pleydell-Bouverie;808/40.jpg;Zachary;;Manager;z.pleydell-bouverie@example.com;04/16/1979;M;873-73-12;625;834-23-61;743-231;z.pleydell-bouverie;London Office;Marketing Department;Printing Division;
Bridgeman;e60/41.jpg;Maximilian;;Manager;m.bridgeman@example.com;04/17/1983;M;287-25-12;643-12-75;165-74-23;743-762-231;m.bridgeman;London Office;Marketing Department;Printing Division;
Darnell;046/42.jpg;Leo;;Manager;l.darnell@example.com;04/18/1984;M;734-12-75;385;195-54-23;374-235-184;l.darnell;London Office;Marketing Department;Printing Division;
Blatchford;2fd/17.jpg;Ryan;;Manager;r.blatchford@example.com;03/12/1980;M;235-78-61;62;153-64-73;235-272-212;r.blatchford;London Office;Finance Department;Sales Department;
Brearley;c15/1292.gif;Harvey;;Manager;h.brearley@example.com;03/13/1985;M;236-26-74;25;253-12-12;465-235-352;h.brearley;London Office;Finance Department;Sales Department;
Illidge;487/18.jpg;Morgan;;Manager;m.illidge@example.com;03/14/1978;M;346-21-53;235;152-23-12;345-263-234;m.illidge;London Office;Finance Department;Sales Department;
Hayday;994/AX933124.jpg;Gala;;Manager;g.hayday@example.com;03/15/1980;M;264-63-12;45;152-64-23;365-433-123;g.hayday;London Office;Finance Department;Sales Department;
Dalton;f5a/19.jpg;Nickolas;;Manager;n.dalton@example.com;03/16/1981;M;234-62-12;635;253-25-12;123-643-123;n.dalton;London Office;Finance Department;Sales Department;
Richardson;545/20.jpg;Alexander;;Manager;a.richardson@example.com;03/17/1982;M;265-45-23;643;874-24-23;532-346;a.richardson;London Office;Finance Department;Sales Department;
Beckham;d2d/21.jpg;Alexander;;Manager;a.beckham@example.com;03/18/1983;M;734-78-23;53;534-25-12;235-765-234;a.beckham;London Office;Finance Department;Sales Department;
Gibson;613/25.jpg;Toby;;Manager;t.gibson@example.com;03/29/1980;M;643-65-23;674;654-56-23;645-674-231;t.gibson;London Office;Marketing Department;Advertising;Web Advertising Team
Chatto;036/26.jpg;John;;Manager;j.chatto@example.com;03/30/1979;M;754-32-65;546;153-67-23;653-153-753;j.chatto;London Office;Marketing Department;Advertising;Web Advertising Team
Allfrey;2ba/27.jpg;Theodore;;Manager;t.allfrey@example.com;03/31/1984;M;632-64-12;572;645-23-12;873-622-123;t.allfrey;London Office;Marketing Department;Advertising;Web Advertising Team
Fellows;49f/28.jpg;Anthony;;Manager;a.fellows@example.com;04/01/1982;M;674-73-12;631;165-64-12;653-742-341;a.fellows;London Office;Marketing Department;Advertising;Web Advertising Team
Stokes;0b7/29.jpg;Alexander;;Manager;a.stokes@example.com;03/02/1983;M;642-76-23;472;472-63-12;754-123-533;a.stokes;London Office;Marketing Department;Advertising;Web Advertising Team
Scarisbrick;2f0/42-17990697.gif;Gregory;;Manager;g.scarisbrick@example.com;04/03/1979;M;643-63-12;751;643-87-52;765-722-123;g.scarisbrick;London Office;Marketing Department;Advertising;Web Advertising Team
Breedlove;e05/30.jpg;Pierre;;Manager;p.breedlove@example.com;04/04/1980;M;643-763-123;623;613-85-52;741-744-112;p.breedlove;London Office;Marketing Department;Advertising;Web Advertising Team
Cliff;2c5/31.jpg;Anthony;;Manager;a.cliff@example.com;04/05/1980;M;734-23-12;642;793-12-12;332-162-532;a.cliff;London Office;Marketing Department;Advertising;Press Advertising Team
Browning;bdf/CN00044702.jpg;Alisha;;Manager;a.browning@example.com;04/06/1985;F;643-23-12;74;532-61-12;143-643-123;a.browning;London Office;Marketing Department;Advertising;Press Advertising Team
White;bcb/200133370-001.gif;Nickolas;;Manager;n.white@example.com;04/07/1983;M;641-32-12;562;685-12-45;834-265-365;n.white;London Office;Marketing Department;Advertising;Press Advertising Team
Paddick;54b/33.jpg;Vincent;;Manager;v.paddick@example.com;04/08/1979;M;623-86-23;933;632-76-12;743-865-134;v.paddick;London Office;Marketing Department;Advertising;Press Advertising Team
Cooksey;36d/42-17108785.gif;Peter;;Manager;p.cooksey@example.com;04/09/1984;M;873-23-13;823;732-74-12;823-126;p.cooksey;London Office;Marketing Department;Advertising;Press Advertising Team
Edwards;c31/35.jpg;Nicholas;;Manager;n.edwards@example.com;04/10/1981;M;923-61-23;573;263-15-24;306-123-845;n.edwards;London Office;Marketing Department;Advertising;Press Advertising Team
Rhett;271/36.jpg;Archie;;Manager;a.rhett@example.com;04/11/1980;M;295-23-12;932;385-97-32;235-123-643;a.rhett;London Office;Marketing Department;Advertising;Press Advertising Team
Wintour;0f2/43.jpg;Gregory;;Manager;g.wintour@example.com;04/19/1982;M;744-45-34;328;633-46-52;643-457-893;g.wintour;London Office;Marketing Department;Press Relations;
Ainsworth;019/44.jpg;Joel;;Manager;j.ainsworth@example.com;04/20/1984;M;743-21-73;122;267-43-38;548-667-324;j.ainsworth;London Office;Marketing Department;Press Relations;
Mosley;a92/45.jpg;Boris;;Manager;b.mosley@example.com;04/21/1980;M;623-65-15;362;254-56-42;843-87-43;b.mosley;London Office;Marketing Department;Press Relations;
Worthington;e84/46.jpg;Anthony;;Manager;a.worthington@example.com;04/22/1964;M;734-23-67;287;634-12-75;463-232-153;a.worthington;London Office;Marketing Department;Press Relations;
Hemingway;202/42-17108977.gif;Oscar;;Manager;o.hemingway@example.com;04/23/1983;M;346-89-12;726;153-67-16;584-632-125;o.hemingway;London Office;Marketing Department;Press Relations;
Broderick;28d/CSM103401.jpg;Olivia;;Manager;o.broderick@example.com;04/24/1980;F;275-23-16;743-23-51;572-76-12;375-123-165;o.broderick;London Office;Marketing Department;Press Relations;
Burnaby;c3f/48.jpg;Kieran;;Manager;k.burnaby@example.com;04/25/1983;M;683-12-56;873;732-87-31;275-212-663;k.burnaby;London Office;Marketing Department;Press Relations;
Croasdale;3d6/m21_big.jpg;Kieran;;Manager;k.croasdale@example.com;02/15/1982;M;435-67-45;76;675-46-23;342-567-234;k.croasdale;London Office;Client Service Department;Transaction Centre;
Stapleton;e4f/m22_big.jpg;Joel;;Manager;j.stapleton@example.com;02/16/1981;M;856-24-34;39;543-87-32;;j.stapleton;London Office;Client Service Department;Transaction Centre;
Bickerton;18b/42-17933622.gif;Emily;;Manager;e.bickerton@example.com;02/17/1983;F;564-66-23;623;945-25-45;;e.bickerton;London Office;Client Service Department;Transaction Centre;
Mobbs;2bb/42-17949408.gif;Basil;;Manager;b.mobbs@example.com;02/18/1987;M;342-65-56;27;342-65-87;342-546-876;b.mobbs;London Office;Client Service Department;Transaction Centre;
Grover;e39/man3_big.jpg;Toby;;Manager;t.grover@example.com;02/19/1981;M;345-74-23;765;346-32-12;234-565-122;t.grover;London Office;Client Service Department;Transaction Centre;
Bulmer;2c4/man_big.jpg;Dimitris;;Manager;d.bulmer@example.com;02/20/1982;M;456-23-76;38;567-32-43;564-234-898;d.bulmer;London Office;Client Service Department;Transaction Centre;
Brush;21b/42-17082203.gif;Isabel;;Service Manager;i.brush@example.com;09/18/1981;F;235 95 44;95 44;;6549687;i.brush;London Office;Client Service Department;Transaction Centre;
Alsop;b7a/42-17948709.gif;Mary;;IT-Specialist;m.alsop@example.com;04/29/1984;F;188 46 29;46 29;;431-874-61;m.alsop;London Office;IT Department;;
Lanyon;d5c/20.jpg;Ewan;;Manager;e.lanyon@example.com;01/19/1975;M;546-56-23;91;345-76-12;435-965-572;e.lanyon;London Office;Analytics Department;;
Skirrow;3c9/25.jpg;Alex;;Engineer;a.skirrow@example.com;01/20/1981;M;435-67-34;34;345-65-54;855-345;a.skirrow;London Office;Analytics Department;;
FitzGerald;1cf/19.jpg;Pauline;;Manager;p.fitzgerald@example.com;01/21/1978;F;345-67-35;84;325-65-45;344-456;p.fitzgerald;London Office;Analytics Department;;
Ovenden;2da/24.jpg;Finley;;Manager;f.ovenden@example.com;01/22/1976;M;123-54-12;42;234-65-63;234-655-754;f.ovenden;London Office;Analytics Department;;
Holman;078/23.jpg;Ethan;;Analyst;e.holman@example.com;01/23/1969;M;356-56-32;31;234-67-31;325-652-363;e.holman;London Office;Analytics Department;;
Twynam;542/73607895.gif;Archie;;Analyst;a.twynam@example.com;01/24/1982;M;234-65-32;11;345-87-45;413-225-833;a.twynam;London Office;Analytics Department;;
Chaney;588/21.jpg;Eugene;;Manager;e.chaney@example.com;01/25/1973;M;856-45-21;5;234-65-12;123-231-123;e.chaney;London Office;Analytics Department;;
Gorsuch;776/42-17366152.gif;Louise;;Project Manager;l.gorsuch@example.com;07/03/1983;F;188 95 22;95 22;;687987;l.gorsuch;London Office;Client Service Department;;
Cheeseman;288/1.jpg;Andrew;;Security Supervisor;a.cheeseman@example.com;01/01/1980;M;123-45-67;123-45-67;987-65-76;567-342-333;a.cheeseman;London Office;Security Department;;
Gilbert;972/2.jpg;Nickolas;;Deputy Head of Security Department;n.gilbert@example.com;01/02/1973;M;123-45-67;123-45-67;639-25-84;346-734-285;n.gilbert;London Office;Security Department;;
Truman;2ca/3.jpg;Olivia;;Security Officer;o.truman@example.com;01/03/1954;F;123-43-25;123-45-67;773-53-76;;o.truman;London Office;Security Department;;
Croft;5c4/4.jpg;Ewan;;Security Officer;e.croft@example.com;01/04/1956;M;123-65-34;235-34-52;435-21-68;;e.croft;London Office;Security Department;;
Sykes;cf2/5.jpg;Spencer;;Security Officer;s.sykes@example.com;01/05/1963;M;634-48-35;123-45-67;365-25-71;;s.sykes;London Office;Security Department;;
Norton;c3e/42-17219855.gif;Rowan;;Security Officer;r.norton@example.com;01/06/1982;M;345-23-34;123-45-67;435-23-78;432-159-999;r.norton;London Office;Security Department;;
Christmas;cd1/7.jpg;Anthony;;Security Officer;a.christmas@example.com;01/07/1976;M;322-25-13;123-45-67;243-35-67;324-679;a.christmas;London Office;Security Department;;
Nordell;99c/8.jpg;Boris;;Security Officer;b.nordell@example.com;01/08/1982;M;346-32-65;123-45-67;132-75-73;345-231-238;b.nordell;London Office;Security Department;;
Fitz;274/9.jpg;Spencer;;Chief of All Chief Executives;s.fitz@example.com;01/09/1963;M;445-32-12;37;623-43-65;123-854;s.fitz;London Office;Directorate;;
Milburn;287/73985274.gif;Leo;;Deputy Chief Executive;l.milburn@example.com;01/10/1974;M;425-24-65;36;2436-65-46;123-253;l.milburn;London Office;Directorate;;
Miles;aae/11.jpg;Chloe;;Secretary;c.miles@example.com;01/11/1985;F;231-22-23;10;235-23-12;123-256-662;c.miles;London Office;Directorate;;
Tharp;b58/12.jpg;Andrew;;Chief Financial Executive;a.tharp@example.com;01/12/1973;M;235-35-12;23;453-23-14;124-742-112;a.tharp;London Office;Directorate;;
Aikin;fff/13.jpg;Victoria;;Chief Commercial Executive;v.aikin@example.com;01/13/1980;F;345-43-24;12;234-43-52;234-876;v.aikin;London Office;Directorate;;
Woolford;66e/14.jpg;Daniel;;Chief Technical Executive;d.woolford@example.com;01/14/1965;M;235-76-53;45;234-76-48;453-663-128;d.woolford;London Office;Directorate;;
Butterfield;a19/15.jpg;Daisy;;Chief Executive;d.butterfield@example.com;01/15/1983;F;634-66-62;9;354-64-32;546-235-634;d.butterfield;London Office;Directorate;;
Clinton;38a/16.jpg;Joshua;;Lawyer;j.clinton@example.com;01/16/1979;M;435-55-24;88;345-22-67;234-765;j.clinton;London Office;Legal Department;;
Kingsmill;c6c/17.jpg;Madeleine;;Lawyer;m.kingsmill@example.com;01/17/1983;M;546-57-34;89;354-67-72;456-123-863;m.kingsmill;London Office;Legal Department;;
Ruddy;a59/18.jpg;Zara;;Lawyer;z.ruddy@example.com;01/18/1979;F;346-32-34;33;456-82-34;456-765-932;z.ruddy;London Office;Legal Department;;
Bloodsworth;665/23.jpg;Noah;;Lawyer;n.bloodsworth@example.com;03/27/1980;M;450-23-42;99;132-34-12;456-234-126;n.bloodsworth;London Office;Legal Department;;
Hogge;11a/24.jpg;Ewan;;Lawyer;e.hogge@example.com;03/28/1983;M;623-75-23;663;643-86-23;643-764-123;e.hogge;London Office;Legal Department;;
Burns;52a/42-17703087.gif;Abigail;;Accountant;a.burns@example.com;02/23/1974;F;492-56-68;51;549-56-98;438-789-234;a.burns;New York Office;Finance Department;Accounts Department;
Brome;eb1/w18_big.jpg;Isabel;;Accountant;i.brome@example.com;02/24/1978;F;390-67-43;43;460-78-09;512-784-573;i.brome;New York Office;Finance Department;Accounts Department;
Bullard;9c2/w19_big.jpg;Alisha;;Accountant;a.bullard@example.com;02/25/1980;F;646-67-55;44;648-46-23;451-563-398;a.bullard;New York Office;Finance Department;Accounts Department;
Broomhall;3b7/72727403.gif;Laura;;Accountant;l.broomhall@example.com;02/26/1976;F;630-76-65;85;401-67-83;410-534-937;l.broomhall;New York Office;Finance Department;Accounts Department;
Colegrove;1a1/22b.jpg;Alexander;;Head of Department;a.colegrove@example.com;02/27/1976;M;341-56-46;67;734-68-78;766-467-436;a.colegrove;New York Office;Finance Department;Accounts Department;
Hawkins;e1f/m25_big.jpg;Alexander;;Call Center Operator;a.hawkins@example.com;03/04/1980;M;403-43-67;46;403-48-73;561-680-421;a.hawkins;New York Office;Client Service Department;Call Centre;
Greenwood;53f/42-17923978.gif;Louise;;Call Center Operator;l.greenwood@example.com;03/05/1982;F;404-85-34;47;502-45-67;467-765-356;l.greenwood;New York Office;Client Service Department;Call Centre;
Cobbett;f45/42-18249127.gif;Ryan;;Analyst;r.cobbett@example.com;02/04/1974;M;124-67-78;12;456-27-98;456-789-456;r.cobbett;New York Office;Business Development Department;Analytics Division;
Conant;9c8/42-18113578.gif;Eugene;;Analyst;e.conant@example.com;02/05/1975;M;457-67-89;34;678-78-78;567-344-899;e.conant;New York Office;Business Development Department;Analytics Division;
Carrington;b0d/m14_big.jpg;Alex;;Analyst;a.carrington@example.com;02/06/1976;M;244-56-98;21;567-87-43;456-776-432;a.carrington;New York Office;Business Development Department;Analytics Division;
Westmacott;ce5/w11_big.jpg;Alisha;;Analyst;a.westmacott@example.com;02/07/1980;F;456-23-57;54;456-78-21;567-789-324;a.westmacott;New York Office;Business Development Department;Analytics Division;
Benn;de7/m15_big.jpg;Morgan;;Analyst;m.benn@example.com;02/08/1976;M;345-56-75;24;567-88-89;456-788-342;m.benn;New York Office;Business Development Department;Analytics Division;
Farrington;bce/w12_big.jpg;Madeleine;;Analyst;m.farrington@example.com;02/09/1976;F;345-67-78;56;567-67-79;458-448-638;m.farrington;New York Office;Business Development Department;Analytics Division;
Bridgman;82c/w13_big.jpg;Natasha;;Administrator;n.bridgman@example.com;02/10/1981;F;567-67-78;34;456-57-78;568-788-556;n.bridgman;New York Office;Business Development Department;Analytics Division;
Colville;5fc/16b.jpg;Joel;;Co-ordinator;j.colville@example.com;02/11/1972;M;433-55-58;45;455-67-77;356-565-788;j.colville;New York Office;Business Development Department;Analytics Division;
Ash;7ed/42-17655097.gif;Alex;;Marketer;a.ash@example.com;03/08/1974;M;567-23-68;57;570-57-57;614-858-589;a.ash;New York Office;Marketing Department;PR Department;
Cruger;ada/man2_big.jpg;Alex;;Specialist;a.cruger@example.com;03/06/1981;M;423-57-62;10;516-67-54;356-249-628;a.cruger;New York Office;Client Service Department;Client Support Team;
Denman;792/man3_big.jpg;Andrew;;Specialist;a.denman@example.com;03/07/1982;M;387-21-73;23;368-23-78;304-679-850;a.denman;New York Office;Client Service Department;Client Support Team;
Stumbles;87d/18b.jpg;Dimitris;;Strategic Manager;d.stumbles@example.com;02/12/1969;M;356-57-68;47;451-45-89;456-976-543;d.stumbles;New York Office;Business Development Department;Strategic Planning Team;
Cottrell;77e/w14_big.jpg;Natasha;;Strategic Manager;n.cottrell@example.com;02/13/1981;F;547-67-56;42;413-67-67;423-848-678;n.cottrell;New York Office;Business Development Department;Strategic Planning Team;
Parr;a3e/42-18010718.gif;Hope;;Strategic Manager;h.parr@example.com;02/14/1975;F;578-56-78;22;452-56-45;135-567-765;h.parr;New York Office;Business Development Department;Strategic Planning Team;
Robards;3b3/42-17764926.gif;Alex;;Manager;a.robards@example.com;02/28/1976;M;619-65-33;55;402-34-23;322-540-329;a.robards;New York Office;Finance Department;Financial Planning Division;
Bryant;cc6/42-17676311.gif;Victor;;Manager;v.bryant@example.com;03/01/1977;M;309-56-85;63;465-35-71;429-678-827;v.bryant;New York Office;Finance Department;Financial Planning Division;
Legum;c12/m23_big.jpg;Alexander;;Head of Department;a.legum@example.com;03/02/1972;M;987-84-65;81;501-67-85;490-438-782;a.legum;New York Office;Finance Department;Financial Planning Division;
Catterall;baa/m24_big.jpg;Peter;;Manager;p.catterall@example.com;03/03/1975;M;789-37-31;52;439-31-28;336-156-989;p.catterall;New York Office;Finance Department;Financial Planning Division;
Branum;44c/m16_big.jpg;Morgan;;Expert;m.branum@example.com;02/15/1978;M;345-27-67;17;789-45-67;321-678-436;m.branum;New York Office;Business Development Department;Expert Comission;
Dawkins;1cf/42-17503976.gif;Kieran;;Expert;k.dawkins@example.com;02/16/1980;M;233-56-78;76;426-59-89;678-368-356;k.dawkins;New York Office;Business Development Department;Expert Comission;
Bromley;ad6/w16_big.jpg;Madeleine;;Expert;m.bromley@example.com;02/17/1983;F;875-86-74;53;519-67-98;978-543-345;m.bromley;New York Office;Business Development Department;Expert Comission;
Brierley;5a4/m10_big.jpg;Oscar;;Manager;o.brierley@example.com;02/01/1976;M;123-45-67;12;456-56-89;546-235-612;o.brierley;New York Office;Office Administration;;
Crosse;096/w10_big.jpg;Shannon;;Manager;s.crosse@example.com;02/02/1978;F;324-56-89;14;343-65-89;678-678-234;s.crosse;New York Office;Office Administration;;
Purcell;5ec/m11_big.jpg;Nicholas;;Administrator;n.purcell@example.com;02/03/1975;M;123-67-78;16;657-89-23;355-567-678;n.purcell;New York Office;Office Administration;;
Bates;c9c/m18_big.jpg;Andrew;;Manager;a.bates@example.com;02/18/1980;M;561-56-42;31;429-67-89;623-789-234;a.bates;New York Office;Information Support Division;;
Collingwood;db6/42-17663773.gif;Gregory;;Manager;g.collingwood@example.com;02/19/1975;M;678-78-23;59;598-67-54;521-985-378;g.collingwood;New York Office;Information Support Division;;
Trevelyan;d8d/m20_big.jpg;Alex;;Manager;a.trevelyan@example.com;02/20/1976;M;490-45-27;19;512-67-39;789-345-666;a.trevelyan;New York Office;Information Support Division;;
Wilkinson;5e4/42-18086651.gif;Annette;;Manager;a.wilkinson@example.com;02/21/1972;F;478-34-67;41;134-89-38;638-567-284;a.wilkinson;New York Office;Information Support Division;;
Hudson;6e3/24b.jpg;Oscar;;Head of Department;o.hudson@example.com;02/22/1971;M;432-67-82;71;189-40-29;230-789-386;o.hudson;New York Office;Information Support Division;;
Cockerell;d54/6b.jpg;Daisy;;Chief Accountant;d.cockerell@example.com;05/15/1979;F;290-31-18;401;503-31-18;290-283-198;d.cockerell;New York Office;Finance Department;Accounts Department;
Compton;225/13b.jpg;Serge;;Accountant;s.compton@example.com;05/16/1976;M;840-85-93;500;573-54-47;461-450-485;s.compton;New York Office;Finance Department;Accounts Department;
Hardy;14f/42-16975945.gif;Serge;;Accountant;s.hardy@example.com;05/17/1979;M;200-32-28;870;630-77-73;700-63-32;s.hardy;New York Office;Finance Department;Accounts Department;
Dench;37b/15b.jpg;Joel;;Accountant;j.dench@example.com;05/18/1976;M;291-42-18;580;630-32-92;429-740-813;j.dench;New York Office;Finance Department;Accounts Department;
Baddeley;258/200533197-002.jpg;Isabel;;Accountant;i.baddeley@example.com;05/19/1977;F;391-93-37;534;431-63-42;543-456-386;i.baddeley;New York Office;Finance Department;Accounts Department;
Cheney;de6/16b.jpg;Daisy;;Call Center Operator;d.cheney@example.com;04/09/1972;F;456-54-53;48;256-76-66;235-853-754;d.cheney;New York Office;Client Service Department;Call Centre;
Chavasse;ba7/18b.jpg;Isabel;;Call Center Operator;i.chavasse@example.com;04/10/1980;F;566-54-44;87;467-85-64;432-167-398;i.chavasse;New York Office;Client Service Department;Call Centre;
Cowell;958/19b.jpg;Emily;;Call Center Operator;e.cowell@example.com;04/11/1980;F;580-98-76;89;647-48-44;754-559-965;e.cowell;New York Office;Client Service Department;Call Centre;
Carpenter;d81/20b.jpg;Mary;;Call Center Operator;m.carpenter@example.com;04/12/1981;F;135-55-83;96;347-52-62;439-391-911;m.carpenter;New York Office;Client Service Department;Call Centre;
Ashe;f57/21lb.jpg;Isabel;;Call Center Operator;i.ashe@example.com;10/13/1980;F;156-844-588;566;146-65-44;526-522-239;i.ashe;New York Office;Client Service Department;Call Centre;
Roane;257/22b.jpg;Katherine;;Call Center Operator;k.roane@example.com;04/14/1980;F;984-87-98;125;269-84-53;366-844-743;k.roane;New York Office;Client Service Department;Call Centre;
Osborn;6d7/23b.jpg;Madeleine;;Specialist;m.osborn@example.com;04/15/1980;F;873-89-49;679;230-96-69;429-289-296;m.osborn;New York Office;Client Service Department;Call Centre;
Bushell;0a6/18b.jpg;Dimitris;;Head of Department;d.bushell@example.com;05/25/1976;M;581-57-53;540;529-32-53;452-280-529;d.bushell;New York Office;Client Service Department;Call Centre;
Thornburgh;544/4b.jpg;Dimitris;;Expert;d.thornburgh@example.com;05/03/1978;M;383-81-87;547;748-84-32;301-876-329;d.thornburgh;New York Office;Business Development Department;Analytics Division;
Cates;a92/2b.jpg;Louise;;Analyst;l.cates@example.com;05/04/1979;F;540-33-94;740;335-63-02;749-446-620;l.cates;New York Office;Business Development Department;Analytics Division;
Butler;b84/2b.jpg;Michael;;Marketer;m.butler@example.com;03/09/1978;M;624-67-68;72;312-87-87;912-873-968;m.butler;New York Office;Marketing Department;PR Department;
Youmans;99f/3b.jpg;Dimitris;;Marketer;d.youmans@example.com;03/10/1975;M;912-67-29;11;410-62-09;318-469-396;d.youmans;New York Office;Marketing Department;PR Department;
Crouch;75d/1b.jpg;Jennifer;;Marketer;j.crouch@example.com;03/11/1980;F;401-78-73;82;290-56-29;104-982-486;j.crouch;New York Office;Marketing Department;PR Department;
Meyers;030/19b.jpg;Ewan;;Marketer;e.meyers@example.com;03/12/1976;M;732-56-30;90;865-25-76;610-750-539;e.meyers;New York Office;Marketing Department;PR Department;
Shriver;086/19b.jpg;Peter;;Marketer;p.shriver@example.com;05/26/1980;M;392-54-52;590;600-54-52;653-290-184;p.shriver;New York Office;Marketing Department;PR Department;
Aldridge;4d4/20b.jpg;Arnold;;Marketer;a.aldridge@example.com;05/27/1979;M;931-52-43;953;539-42-38;302-538-187;a.aldridge;New York Office;Marketing Department;PR Department;
Cross;b86/11b.jpg;Isabel;;Marketer;i.cross@example.com;05/28/1980;F;392-60-93;692;423-38-94;346-319-188;i.cross;New York Office;Marketing Department;PR Department;
Samuelson;d6a/21b.jpg;Andrew;;Marketer;a.samuelson@example.com;05/29/1980;M;370-32-42;404;449-28-68;523-653-238;a.samuelson;New York Office;Marketing Department;PR Department;
Colvile;4c0/12b.jpg;Louise;;Marketer;l.colvile@example.com;05/30/1981;F;401-67-39;439;421-38-96;268-288-267;l.colvile;New York Office;Marketing Department;PR Department;
Cheek;e20/24b.jpg;Kate;;Specialist;k.cheek@example.com;04/16/1980;F;267-72-16;759;451-45-90;256-448-444;k.cheek;New York Office;Client Service Department;Client Support Team;
Underwood;188/25b.jpg;Alexandra;;Specialist;a.underwood@example.com;04/17/1982;F;566-54-67;950;426-87-89;426-673-633;a.underwood;New York Office;Client Service Department;Client Support Team;
Molyneux;d3a/26b.jpg;Isabel;;Specialist;i.molyneux@example.com;04/18/1979;F;456-58-79;900;267-62-62;457-598-428;i.molyneux;New York Office;Client Service Department;Client Support Team;
Blackwood;7a3/27b.jpg;Ella;;Specialist;e.blackwood@example.com;04/19/1980;F;975-22-54;678;744-85-33;435-933-622;e.blackwood;New York Office;Client Service Department;Client Support Team;
Broadbent;5dc/28b.jpg;Gala;;Specialist;g.broadbent@example.com;04/20/1980;F;843-56-38;645;442-709-439;356-856-844;g.broadbent;New York Office;Client Service Department;Client Support Team;
Cromwell;446/29b.jpg;Emily;;Specialist;e.cromwell@example.com;04/21/1980;F;545-55-62;679;435-768-622;367-363-567;e.cromwell;New York Office;Client Service Department;Client Support Team;
Chinn;66a/32b.jpg;Daisy;;Specialist;d.chinn@example.com;04/22/1980;F;239-52-39;984;653-64-76;568-569-853;d.chinn;New York Office;Client Service Department;Client Support Team;
Crowe;8bf/33b.jpg;Mary;;Specialist;m.crowe@example.com;04/23/1980;F;456-67-87;890;542-83-56;843-332-822;m.crowe;New York Office;Client Service Department;Client Support Team;
Weathers;981/man5b.jpg;Alex;;Advertising Manager;a.weathers@example.com;03/13/1979;M;405-63-75;58;731-67-96;472-523-965;a.weathers;New York Office;Marketing Department;Advertising;
Allerton;a3c/42-17611981.gif;Andrew;;Advertising Manager;a.allerton@example.com;03/14/1976;M;310-94-68;25;958-98-04;471-686-464;a.allerton;New York Office;Marketing Department;Advertising;
Appleton;aaf/4b.jpg;Shannon;;Advertising Manager;s.appleton@example.com;03/15/1974;F;812-67-04;26;623-87-48;404-792-334;s.appleton;New York Office;Marketing Department;Advertising;
Coxe;2bf/7b.jpg;Dimitris;;Advertising Manager;d.coxe@example.com;03/16/1961;M;938-34-73;73;504-55-66;870-357-295;d.coxe;New York Office;Marketing Department;Advertising;
Crick;d4b/3b.jpg;Victoria;;Advertising Manager;v.crick@example.com;03/17/1969;F;946-89-78;74;643-78-34;358-743-678;v.crick;New York Office;Marketing Department;Advertising;
Wetherell;a4a/22b.jpg;Andrew;;Advertising Manager;a.wetherell@example.com;06/01/1978;M;543-97-28;541;528-69-33;465-732-342;a.wetherell;New York Office;Marketing Department;Advertising;
Nicholson;f16/13b.jpg;Tegan;;Advertising Manager;t.nicholson@example.com;06/02/1980;F;531-45-54;639;531-73-37;342-527-475;t.nicholson;New York Office;Marketing Department;Advertising;
Treffry;82f/15b.jpg;Natasha;;Advertising Manager;n.treffry@example.com;06/03/1980;F;670-27-57;375;528-96-85;580-332-427;n.treffry;New York Office;Marketing Department;Advertising;
Cruwys;584/23b.jpg;Serge;;Advertising Manager;s.cruwys@example.com;06/04/1979;M;387-78-27;389;532-69-52;460-427-427;s.cruwys;New York Office;Marketing Department;Advertising;
Armistead;83b/24b.jpg;Roman;;Advertising Manager;r.armistead@example.com;06/05/1980;M;543-30-28;582;390-68-28;570-117-422;r.armistead;New York Office;Marketing Department;Advertising;
Charlesworth;71d/5b.jpg;Shannon;;Strategic Manager;s.charlesworth@example.com;03/29/1979;F;429-98-82;79;536-65-34;456-943-933;s.charlesworth;New York Office;Business Development Department;Strategic Planning Team;
Brandon;ef1/9b.jpg;Mary;;Strategic Manager;m.brandon@example.com;03/30/1980;F;843-96-32;49;633-58-54;455-437-765;m.brandon;New York Office;Business Development Department;Strategic Planning Team;
Culliford;f23/6b.jpg;Alexander;;Expert;a.culliford@example.com;05/05/1980;M;630-90-32;209;739-82-72;543-112-238;a.culliford;New York Office;Business Development Department;Strategic Planning Team;
Chorley;290/42-17924294.gif;Andrew;;Head of Department;a.chorley@example.com;05/06/1977;M;542-54-42;769;539-28-22;185-422-683;a.chorley;New York Office;Business Development Department;Strategic Planning Team;
Myerscough;f65/8b.jpg;Alex;;Deputy Head of Department;a.myerscough@example.com;05/07/1978;M;353-22-43;428;733-54-44;539-228-285;a.myerscough;New York Office;Business Development Department;Strategic Planning Team;
Webbe;19a/3b.jpg;Jennifer;;Strategic Manager;j.webbe@example.com;05/08/1972;M;393-58-63;548;381-53-52;522-539-620;j.webbe;New York Office;Business Development Department;Strategic Planning Team;
Brayshaw;64d/9b.jpg;Eugene;;Strategic Manager;e.brayshaw@example.com;05/09/1976;M;541-96-31;310;390-41-65;390-227-275;e.brayshaw;New York Office;Business Development Department;Strategic Planning Team;
Trueman;7fe/15b.jpg;Ella;;Manager;e.trueman@example.com;04/08/1975;F;432-66-89;94;463-97-77;765-690-866;e.trueman;New York Office;Finance Department;Financial Planning Division;
Patmore;b9c/17b.jpg;Alexander;;Deputy Head of Department;a.patmore@example.com;05/20/1975;M;301-53-93;314;631-84-42;432-149-228;a.patmore;New York Office;Finance Department;Financial Planning Division;
Clitherow;213/8b.jpg;Katherine;;Manager;k.clitherow@example.com;05/21/1976;F;302-53-38;543;461-73-73;621-733-843;k.clitherow;New York Office;Finance Department;Financial Planning Division;
Philippson;48d/16b.jpg;Oscar;;Manager;o.philippson@example.com;05/22/1980;M;631-67-28;501;632-63-48;640-220-846;o.philippson;New York Office;Finance Department;Financial Planning Division;
Sexton;4a9/9b.jpg;Louise;;Manager;l.sexton@example.com;05/23/1980;F;529-18-28;700;534-38-28;531-543-218;l.sexton;New York Office;Finance Department;Financial Planning Division;
Galton;6fb/10b.jpg;Shannon;;Manager;s.galton@example.com;05/24/1979;F;438-28-96;38;404-39-86;429-185-298;s.galton;New York Office;Finance Department;Financial Planning Division;
Collins;d8c/11b.jpg;Ella;;Expert;e.collins@example.com;04/01/1983;F;532-28-83;86;235-68-09;235-736-195;e.collins;New York Office;Business Development Department;Expert Comission;
Ainscough;def/10b.jpg;Tegan;;Head of Department;t.ainscough@example.com;04/02/1960;F;320-34-28;93;367-93-93;304-679-851;t.ainscough;New York Office;Business Development Department;Expert Comission;
Hall;7a3/10b.jpg;Roman;;Deputy Head of Department;r.hall@example.com;05/10/1976;M;402-27-29;504;430-32-29;432-387-492;r.hall;New York Office;Business Development Department;Expert Comission;
Underhill;2e1/4b.jpg;Mary;;Expert;m.underhill@example.com;05/11/1976;F;300-42-93;542;420-42-18;110-543-581;m.underhill;New York Office;Business Development Department;Expert Comission;
Penney;6c2/11b.jpg;Dimitris;;Expert;d.penney@example.com;05/12/1979;M;534-52-52;670;631-33-89;633-290-273;d.penney;New York Office;Business Development Department;Expert Comission;
Bloor;1d7/5b.jpg;Ella;;Expert;e.bloor@example.com;05/13/1978;F;930-42-37;350;383-29-31;431-283-542;e.bloor;New York Office;Business Development Department;Expert Comission;
Coleman;c11/73827847.gif;Alex;;Expert;a.coleman@example.com;05/14/1979;M;407-41-48;311;439-42-40;331-639-207;a.coleman;New York Office;Business Development Department;Expert Comission;
Atkinson;0a1/20b.jpg;Morgan;;Chief Executive;m.atkinson@example.com;03/27/1967;M;533-54-28;1;543-83-53;657-652-422;m.atkinson;New York Office;Office Administration;;
Howard;51c/23b.jpg;Michael;;Deputy Director;m.howard@example.com;03/28/1963;M;632-56-28;2;432-93-85;432-854-748;m.howard;New York Office;Office Administration;;
Clemons;173/1b.jpg;Serge;;1st Deputy Director;s.clemons@example.com;04/28/1977;M;547-23-96;456;602-87-41;305-541-331;s.clemons;New York Office;Office Administration;;
Arnold;61c/1b.jpg;Ella;;Secretary;e.arnold@example.com;04/29/1980;F;864-98-93;258;674-32-95;841-964-521;e.arnold;New York Office;Office Administration;;
Rapson;381/2b.jpg;Valentine;;Administrator;v.rapson@example.com;04/30/1976;M;395-87-03;360;417-63-73;612-322-519;v.rapson;New York Office;Office Administration;;
Coleridge;60a/3b.jpg;Serge;;Manager;s.coleridge@example.com;05/01/1975;M;636-44-82;561;738-61-41;708-526-958;s.coleridge;New York Office;Office Administration;;
Bellos;072/5b.jpg;Serge;;Manager;s.bellos@example.com;05/02/1974;M;680-98-38;315;863-12-52;528-940-118;s.bellos;New York Office;Office Administration;;
Andrews;bfe/12b.jpg;Katherine;;Manager;k.andrews@example.com;04/03/1976;F;433-99-93;87;389-23-75;524-855-876;k.andrews;New York Office;Information Support Division;;
Nettles;784/17b.jpg;Louise;;Manager;l.nettles@example.com;04/04/1976;F;328-98-73;95;366-75-54;646-574-744;l.nettles;New York Office;Information Support Division;;
Tubb;141/22b.jpg;Mary;;Manager;m.tubb@example.com;04/05/1976;F;239-98-95;88;345-54-60;363-878-267;m.tubb;New York Office;Information Support Division;;
Thompson;f3d/13b.jpg;Annette;;Manager;a.thompson@example.com;04/06/1962;F;345-53-54;65;256-57-77;435-865-467;a.thompson;New York Office;Information Support Division;;
Carlile;f36/14b.jpg;Isabel;;Manager;i.carlile@example.com;04/07/1969;F;267-86-33;27;346-78-77;648-685-124;i.carlile;New York Office;Information Support Division;;
Payne;198/13b.jpg;Maximilian;;Security Officer;m.payne@example.com;03/23/1976;M;644-65-38;77;459-65-34;437-548-826;m.payne;New York Office;Security Department;;
Davison;b05/14b.jpg;Rowan;;Security Officer;r.davison@example.com;03/24/1975;M;701-76-23;83;499-38-54;598-322-329;r.davison;New York Office;Security Department;;
Pullen;132/17b.jpg;Joseph;;Security Officer;j.pullen@example.com;03/25/1979;M;305-58-93;84;568-26-28;393-398-095;j.pullen;New York Office;Security Department;;
Brewer;925/15b.jpg;Joshua;;Security Officer;j.brewer@example.com;03/26/1979;M;958-86-62;78;743-76-33;653-653-157;j.brewer;New York Office;Security Department;;
Rudman;ff7/21b.jpg;Boris;;Security Officer;b.rudman@example.com;04/26/1978;M;438-28-32;332;289-22-38;156-229-178;b.rudman;New York Office;Security Department;;
Johnson;c14/25b.jpg;Serge;;Security Officer;s.johnson@example.com;04/27/1980;M;330-32-31;399;562-52-78;320-841-218;s.johnson;New York Office;Security Department;;
Bogart;b15/26b.jpg;Roman;;Shiftman;r.bogart@example.com;06/09/1975;M;543-28-52;680;366-80-26;436-653-539;r.bogart;New York Office;Security Department;;
Brodhead;881/73828189.gif;Denis;;Security Officer;d.brodhead@example.com;06/10/1980;M;480-28-23;854;536-44-22;543-580-275;d.brodhead;New York Office;Security Department;;
Gibbs;329/28b.jpg;Eugene;;Security Officer;e.gibbs@example.com;06/11/1980;M;539-47-34;479;467-50-43;477-874-622;e.gibbs;New York Office;Security Department;;
Coulson;137/29b.jpg;Boris;;Security Officer;b.coulson@example.com;06/12/1980;M;499-28-27;388;467-34-98;638-389-431;b.coulson;New York Office;Security Department;;
Aldous;f17/8b.jpg;Kieran;;Lawyer;k.aldous@example.com;03/18/1965;M;721-87-43;91;853-78-37;656-664-389;k.aldous;New York Office;Legal Department;;
Aubrey;d6f/9b.jpg;Roderick;;Lawyer;r.aubrey@example.com;03/19/1963;M;406-74-29;61;659-45-83;845-447-386;r.aubrey;New York Office;Legal Department;;
Hern;987/10b.jpg;Oscar;;Lawyer;o.hern@example.com;03/20/1965;M;679-49-20;75;611-85-84;436-520-561;o.hern;New York Office;Legal Department;;
Williams;10b/12b.jpg;Victor;;Lawyer;v.williams@example.com;03/22/1978;M;368-46-75;64;359-47-86;432-448-287;v.williams;New York Office;Legal Department;;
Maye;12b/30b.jpg;Louise;;Lawyer;l.maye@example.com;04/24/1968;F;543-63-52;367;238-43-23;;l.maye;New York Office;Legal Department;;
Appleyard;c93/31b.jpg;Mary;;Lawyer;m.appleyard@example.com;04/25/1976;F;337-23-42;690;289-44-84;238-289-328;m.appleyard;New York Office;Legal Department;;
Bateson;2de/25b.jpg;John;;Lawyer;j.bateson@example.com;06/06/1979;M;575-43-28;420;378-637-632;678-380-287;j.bateson;New York Office;Legal Department;;
Fullilove;c13/14b.jpg;Ella;;Lawyer;e.fullilove@example.com;06/07/1980;F;549-28-23;672;433-42-48;690-225-323;e.fullilove;New York Office;Legal Department;;
Ashcroft;119/16b.jpg;Tegan;;Lawyer;t.ashcroft@example.com;06/08/1980;F;543-43-42;783;567-37-28;569-335-652;t.ashcroft;New York Office;Legal Department;;
Baynes;844/12b.jpg;Annette;;Manager;a.baynes@example.com;06/17/1981;F;177-35-27;184;437-24-22;683-264-832;a.baynes;Paris Office;Finance Department;Accounts Department;
Denham;2dc/13b.jpg;Louise;;Accountant;l.denham@example.com;06/18/1979;F;328-67-23;214;352-84-27;173-275-395;l.denham;Paris Office;Finance Department;Accounts Department;
Toynbee;1ed/14b.jpg;Daisy;;Accountant;d.toynbee@example.com;06/19/1982;F;287-57-44;486;296-27-84;384-355-443;d.toynbee;Paris Office;Finance Department;Accounts Department;
Catherwood;c9a/72625954.gif;Jennifer;;Accountant;j.catherwood@example.com;06/20/1979;F;486-46-83;265;399-53-95;499-234-132;j.catherwood;Paris Office;Finance Department;Accounts Department;
Maugham;e16/16b.jpg;Katherine;;Accountant;k.maugham@example.com;06/21/1983;F;387-12-68;931;483-13-76;487-121-372;k.maugham;Paris Office;Finance Department;Accounts Department;
Holliday;bb3/18b.jpg;Abigail;;Accountant;a.holliday@example.com;06/22/1981;F;439-23-63;164;734-38-52;253-826-967;a.holliday;Paris Office;Finance Department;Accounts Department;
Allenby;03b/19b.jpg;Daisy;;Accountant;d.allenby@example.com;06/23/1984;F;175-76-90;690;387-38-85;904-376-093;d.allenby;Paris Office;Finance Department;Accounts Department;
Penington;f0e/20b.jpg;Emily;;Accountant;e.penington@example.com;06/24/1982;F;165-97-23;833;683-24-85;275-376-286;e.penington;Paris Office;Finance Department;Accounts Department;
Crowne;946/21b.jpg;Mary;;Accountant;m.crowne@example.com;06/25/1980;F;275-98-03;280;572-48-72;286-546-232;m.crowne;Paris Office;Finance Department;Accounts Department;
Cocke;5e9/200477633-001.gif;Basil;;Manager;b.cocke@example.com;05/18/1978;M;276-65-43;936;386-63-32;395-864-285;b.cocke;Paris Office;Production Department;Production Design Division;
Clarkson;76a/28b.jpg;Victor;;Engineer;v.clarkson@example.com;05/19/1982;M;164-56-12;451;583-75-26;462-482-793;v.clarkson;Paris Office;Production Department;Production Design Division;
Watkins;78a/29b.jpg;Joel;;Engineer;j.watkins@example.com;05/20/1978;M;179-93-75;495;583-98-24;836-927-025;j.watkins;Paris Office;Production Department;Production Design Division;
Milnes;90d/200526832-001.gif;Joel;;Engineer;j.milnes@example.com;05/21/1980;M;176-94-37;591;491-92-83;502-366-583;j.milnes;Paris Office;Production Department;Production Design Division;
Myers;b13/31b.jpg;Peter;;Engineer;p.myers@example.com;05/22/1983;M;185-00-56;185;725-75-13;872-909-433;p.myers;Paris Office;Production Department;Production Design Division;
Trainor;dc9/200524150-001.gif;Joel;;Engineer;j.trainor@example.com;05/23/1984;M;167-64-95;943;473-24-89;286-325-843;j.trainor;Paris Office;Production Department;Production Design Division;
Weston;65f/200393557-001.gif;Anthony;;Engineer;a.weston@example.com;05/24/1979;M;835-37-12;186;338-24-16;753-864-246;a.weston;Paris Office;Production Department;Production Design Division;
Segraves;8fd/200331832-001.gif;Owen;;Engineer;o.segraves@example.com;05/25/1982;M;165-38-93;484;573-24-87;583-976-357;o.segraves;Paris Office;Production Department;Production Design Division;
Hassett;29f/35b.jpg;Archie;;Engineer;a.hassett@example.com;05/26/1981;M;175-49-32;480;415-47-24;853-437-925;a.hassett;Paris Office;Production Department;Production Design Division;
Washburn;51c/5b.jpg;Lorena;;Manager;l.washburn@example.com;06/09/1982;F;373-76-23;742;487-34-16;743-674-365;l.washburn;Paris Office;Finance Department;Auditors;
Cobbe;f85/6b.jpg;Victoria;;Manager;v.cobbe@example.com;06/10/1982;F;167-43-98;693;597-34-82;475-346-187;v.cobbe;Paris Office;Finance Department;Auditors;
Brodrick;a7b/200477998-001.gif;Alisha;;Manager;a.brodrick@example.com;06/11/1983;F;165-09-23;837;486-32-87;894-345-887;a.brodrick;Paris Office;Finance Department;Auditors;
Smith;249/8b.jpg;Bethany;;Manager;b.smith@example.com;06/12/1983;F;287-58-93;42;486-49-21;386-432-224;b.smith;Paris Office;Finance Department;Auditors;
Beerbohm;5f5/9b.jpg;Annette;;Manager;a.beerbohm@example.com;06/13/1979;F;377-24-81;387;589-64-24;741-729-405;a.beerbohm;Paris Office;Finance Department;Auditors;
Paulson;936/10b.jpg;Zoe;;Manager;z.paulson@example.com;06/14/1984;F;186-84-23;813;398-43-12;628-532-135;z.paulson;Paris Office;Finance Department;Auditors;
Sharpe;158/49b.jpg;Andrew;;Manager;a.sharpe@example.com;06/15/1983;M;169-34-27;724;823-72-47;275-211-372;a.sharpe;Paris Office;Finance Department;Auditors;
Yelling;b25/73674853.gif;Tegan;;Manager;t.yelling@example.com;06/16/1984;F;275-84-23;735;724-27-82;482-472-131;t.yelling;Paris Office;Finance Department;Auditors;
Tibbetts;df4/200178427-009.gif;Eugene;;Web Application Tester;e.tibbetts@example.com;05/01/1990;M;;;;;e.tibbetts;Paris Office;Quality Control Department;Software Testing;
Kendall;72b/9b.jpg;Toby;;Manager;t.kendall@example.com;05/01/1981;M;175-83-83;375;846-26-47;482-573-275;t.kendall;Paris Office;Production Department;Software Development;
Briggs;fd6/200116983-002.gif;Alex;;Manager;a.briggs@example.com;05/02/1983;M;164-97-25;925;437-27-84;285-289-366;a.briggs;Paris Office;Production Department;Software Development;
Clark;134/11b.jpg;Joel;;Manager;j.clark@example.com;04/03/1978;M;484-27-46;289;387-28-29;164-863-126;j.clark;Paris Office;Production Department;Software Development;
Aaronson;40c/72983580.gif;Kieran;;Manager;k.aaronson@example.com;04/04/1982;M;458-43-67;286;438-54-98;243-576-568;k.aaronson;Paris Office;Production Department;Software Development;
Wood;02f/13b.jpg;Alexander;;Manager;a.wood@example.com;05/04/1982;M;387-39-04;386;643-59-45;458-326-296;a.wood;Paris Office;Production Department;Software Development;
Jones;4f9/14b.jpg;Maximilian;;Manager;m.jones@example.com;05/05/1982;M;375-87-86;338;932-65-97;385-553-845;m.jones;Paris Office;Production Department;Software Development;
Barford;8f7/15b.gif;Maximilian;;Manager;m.barford@example.com;05/06/1979;M;486-89-26;924;385-73-85;386-757-723;m.barford;Paris Office;Production Department;Software Development;
Nathan;d5e/73828711.gif;Rowan;;Manager;r.nathan@example.com;05/07/1983;M;486-28-12;893;486-64-23;528-865-286;r.nathan;Paris Office;Production Department;Software Development;
Cook;549/200472780-001.gif;Alex;;Manager;a.cook@example.com;05/08/1981;M;724-17-31;874;835-93-25;387-383-264;a.cook;Paris Office;Production Department;Software Development;
Brackett;38f/72334827.gif;Hope;;Manager;h.brackett@example.com;06/26/1983;F;185-38-46;741;743-75-82;784-844-864;h.brackett;Paris Office;IT Department;Information Security Service;
Brooke;a6f/200394797-0041.gif;Owen;;Manager;o.brooke@example.com;06/27/1983;M;287-37-87;748;375-83-23;853-267-126;o.brooke;Paris Office;IT Department;Information Security Service;
Sampson;87a/51b.jpg;Noah;;Manager;n.sampson@example.com;06/28/1982;M;286-83-35;75;746-23-86;587-423-623;n.sampson;Paris Office;IT Department;Information Security Service;
Cock;b73/200525319-001.gif;Andrew;;Manager;a.cock@example.com;06/29/1983;M;276-38-35;812;483-38-67;845-322-763;a.cock;Paris Office;IT Department;Information Security Service;
Canham;651/200117007-002.gif;Anthony;;Manager;a.canham@example.com;06/30/1980;M;275-97-12;868;458-69-34;875-241-834;a.canham;Paris Office;IT Department;Information Security Service;
Windus;c3f/55b.jpg;Dimitris;;Manager;d.windus@example.com;07/01/1980;M;175-38-345;532;486-75-24;754-245-364;d.windus;Paris Office;IT Department;Information Security Service;
Philbrook;b90/200300246-001.gif;Gregory;;Manager;g.philbrook@example.com;07/02/1983;M;274-37-43;672;855-98-54;734-867-322;g.philbrook;Paris Office;IT Department;Information Security Service;
Golding;0f3/73021884.gif;Gregory;;Manager;g.golding@example.com;07/03/1983;M;165-84-23;81;475-86-46;854-325-876;g.golding;Paris Office;IT Department;Information Security Service;
Acland;743/75b.jpg;Valentine;;Manager;v.acland@example.com;07/21/1983;M;154-75-32;745;435-76-34;764-345-974;v.acland;Paris Office;IT Department;Information Security Service;
Deal;b30/58b.jpg;Alex;;Manager;a.deal@example.com;07/04/1982;M;165-89-56;865;568-34-76;873-123-532;a.deal;Paris Office;IT Department;Software Support Service;
Spenser;bbc/57640936.gif;Nickolas;;Manager;n.spenser@example.com;07/05/1983;M;276-89-23;515;573-37-87;532-764-231;n.spenser;Paris Office;IT Department;Software Support Service;
Charnock;884/200463331-002.gif;Basil;;Manager;b.charnock@example.com;07/06/1982;M;165-37-86;478;575-98-34;473-236-874;b.charnock;Paris Office;IT Department;Software Support Service;
Bellamy;b3c/61b.jpg;Leo;;Manager;l.bellamy@example.com;07/07/1982;M;274-24-86;52;754-97-32;285-38-83;l.bellamy;Paris Office;IT Department;Software Support Service;
Crow;6e3/62b.jpg;Archie;;Manager;a.crow@example.com;07/08/1980;M;186-84-12;867;486-98-34;346-963-987;a.crow;Paris Office;IT Department;Software Support Service;
Peace;df4/63b.jpg;Peter;;Manager;p.peace@example.com;07/09/1982;M;439-34-28;673;842-42-98;487-324-823;p.peace;Paris Office;IT Department;Software Support Service;
Ashford;d8f/64b.jpg;Roman;;Manager;r.ashford@example.com;07/10/1979;M;176-89-34;759;592-36-97;296-545-754;r.ashford;Paris Office;IT Department;Software Support Service;
Butt;d23/65b.jpg;Toby;;Manager;t.butt@example.com;07/11/1983;M;176-46-24;471;755-86-46;684-244-744;t.butt;Paris Office;IT Department;Software Support Service;
Brandis;3d0/66b.jpg;Nickolas;;Manager;n.brandis@example.com;07/12/1981;M;165-47-84;580;432-23-15;745-231-132;n.brandis;Paris Office;IT Department;Software Support Service;
Benson;b36/67b.jpg;Anthony;;Manager;a.benson@example.com;07/13/1982;M;167-54-37;520;473-35-89;573-684-255;a.benson;Paris Office;IT Department;Technical Support Service;
Blakey;d68/73607873.gif;Eugene;;Manager;e.blakey@example.com;07/14/1983;M;175-37-23;588;547-34-84;463-875-235;e.blakey;Paris Office;IT Department;Technical Support Service;
Stevenson;8cf/69b.jpg;Leo;;Manager;l.stevenson@example.com;07/15/1977;M;154-67-34;722;154-42-45;456-674-234;l.stevenson;Paris Office;IT Department;Technical Support Service;
Johanson;7b7/70b.jpg;Matthew;;Manager;m.johanson@example.com;07/16/1985;M;375-37-74;571;563-23-35;374-634-231;m.johanson;Paris Office;IT Department;Technical Support Service;
Weddell;de4/71b.jpg;Rowan;;Manager;r.weddell@example.com;07/17/1982;M;165-47-32;652;375-34-67;563-674-236;r.weddell;Paris Office;IT Department;Technical Support Service;
Janes;bc8/72b.jpg;Paul;;Engineer;p.janes@example.com;07/18/1983;M;165-75-23;872;547-34-87;745-243-624;p.janes;Paris Office;IT Department;Technical Support Service;
Castle;096/73b.jpg;Owen;;Manager;o.castle@example.com;07/19/1985;M;199-45-97;902;753-34-76;495-289-490;o.castle;Paris Office;IT Department;Technical Support Service;
Barefoot;216/74b.jpg;Vaughn;;Manager;v.barefoot@example.com;07/20/1983;M;165-46-37;675;463-67-34;864-234-724;v.barefoot;Paris Office;IT Department;Technical Support Service;
Bryson;696/200516576-001.gif;George;;Manager;g.bryson@example.com;04/21/1981;M;367-23-75;263;835-37-43;285-476-953;g.bryson;Paris Office;Production Department;Audio and Video Production;
Gentner;b78/200477707-001.gif;Ewan;;Manager;e.gentner@example.com;04/22/1983;M;275-85-24;937;125-12-64;643-674-232;e.gentner;Paris Office;Production Department;Audio and Video Production;
Kershaw;659/200491503-003.gif;Matthew;;Manager;m.kershaw@example.com;04/23/1982;M;753-86-23;729;642-23-17;745-346-272;m.kershaw;Paris Office;Production Department;Audio and Video Production;
Astbury;920/200130455-001.gif;Basil;;Manager;b.astbury@example.com;04/24/2981;M;648-42-12;618;125-71-33;943-722-165;b.astbury;Paris Office;Production Department;Audio and Video Production;
Babington;f03/5b.jpg;Michael;;Manager;m.babington@example.com;04/25/1979;M;734-27-87;86;335-76-23;755-472-184;m.babington;Paris Office;Production Department;Audio and Video Production;
Newbury;79e/1b.jpg;Antonia;;Manager;a.newbury@example.com;04/26/1983;F;373-13-16;622;524-44-63;875-231-135;a.newbury;Paris Office;Production Department;Audio and Video Production;
Lilley;100/2b.jpg;Isabel;;Manager;i.lilley@example.com;04/27/1984;F;274-85-23;725;493-26-86;835-517-387;i.lilley;Paris Office;Production Department;Audio and Video Production;
Talbott;0f5/6b.jpg;Leo;;Manager;l.talbott@example.com;04/28/1985;M;647-78-43;356;848-27-59;483-837-284;l.talbott;Paris Office;Production Department;Audio and Video Production;
Allam;7f6/73828045.gif;Alexander;;Manager;a.allam@example.com;04/29/1978;M;274-85-23;638;372-86-34;882-464-892;a.allam;Paris Office;Production Department;Audio and Video Production;
Brown;830/8b.jpg;Joel;;Manager;j.brown@example.com;04/30/1982;M;285-24-17;830;639-83-95;374-906-038;j.brown;Paris Office;Production Department;Audio and Video Production;
Willett;5c8/18b.jpg;Archie;;Manager;a.willett@example.com;05/09/1982;M;285-35-26;572;835-28-54;854-286-970;a.willett;Paris Office;Production Department;Technology Support;
Beazley;444/19b.jpg;Gregory;;Manager;g.beazley@example.com;05/10/1981;M;375-57-23;721;396-38-75;287-457-875;g.beazley;Paris Office;Production Department;Technology Support;
Boatwright;6c3/73828662.gif;George;;Manager;g.boatwright@example.com;05/11/1984;M;167-38-95;291;275-83-13;853-187-873;g.boatwright;Paris Office;Production Department;Technology Support;
Alleine;bf4/200529111-001.gif;Michael;;Manager;m.alleine@example.com;05/12/1982;M;164-86-26;389;853-86-38;;m.alleine;Paris Office;Production Department;Technology Support;
Whyte;e24/22b.jpg;Joel;;Manager;j.whyte@example.com;05/13/1979;M;286-56-37;749;729-73-96;846-936-058;j.whyte;Paris Office;Production Department;Technology Support;
Whittingham;79f/200516029-001.gif;Harvey;;Manager;h.whittingham@example.com;05/14/1978;M;285-84-37;285;496-28-25;583-276-297;h.whittingham;Paris Office;Production Department;Technology Support;
Raney;2fb/200020197-003.gif;Roman;;Manager;r.raney@example.com;05/15/1982;M;176-93-58;583;832-22-86;583-124-963;r.raney;Paris Office;Production Department;Technology Support;
Chandler;cd3/BD9341-001.gif;Leo;;Manager;l.chandler@example.com;05/16/1981;M;275-37-97;482;286-28-13;175-357-138;l.chandler;Paris Office;Production Department;Technology Support;
Ward;010/26b.jpg;Joshua;;Manager;j.ward@example.com;05/17/1981;M;175-57-64;285;793-72-35;176-396-174;j.ward;Paris Office;Production Department;Technology Support;
Knight;d79/200477665-001.gif;Harvey;;Chief Executive;h.knight@example.com;06/13/1976;M;326-54-73;456;357-45-41;258-742-622;h.knight;Paris Office;Office Administration;;
Knight;9f5/1b.jpg;Eugene;;Administrator;e.knight@example.com;06/14/1978;M;484-85-76;11;134-86-43;156-875-611;e.knight;Paris Office;Office Administration;;
Hush;480/72983889.gif;Vaughn;;Administrator;v.hush@example.com;06/15/1978;M;377-22-11;12;325-72-11;157-874-522;v.hush;Paris Office;Office Administration;;
Wilsey;8a1/4b.jpg;Serge;;Administrator;s.wilsey@example.com;06/16/1974;M;263-85-73;13;345-85-54;146-844-831;s.wilsey;Paris Office;Office Administration;;
Bryden;70c/1b.jpg;Natasha;;Administrator;n.bryden@example.com;06/17/1978;F;434-74-71;14;360-73-52;673-832-721;n.bryden;Paris Office;Office Administration;;
Paterson;ef3/2b.jpg;Madeleine;;Administrator;m.paterson@example.com;06/18/1980;F;653-73-22;14;415-52-61;267-211-611;m.paterson;Paris Office;Office Administration;;
Wheatley;013/71471675.gif;Anthony;;Administrator;a.wheatley@example.com;06/19/1976;M;435-73-72;15;569-32-32;520-834-752;a.wheatley;Paris Office;Office Administration;;
Whistler;88a/6b.jpg;Nickolas;;Deputy Director;n.whistler@example.com;06/20/1980;M;439-78-33;16;874-74-94;652-343-719;n.whistler;Paris Office;Office Administration;;
Stockdale;65e/7b.jpg;Owen;;Administrator;o.stockdale@example.com;06/21/1977;M;526-83-52;17;432-55-74;167-732-722;o.stockdale;Paris Office;Office Administration;;
Butterworth;626/8b.jpg;Alex;;Administrator;a.butterworth@example.com;06/22/1981;M;426-75-22;18;524-63-21;257-343-832;a.butterworth;Paris Office;Office Administration;;
Jacobs;9bb/36b.jpg;Alexander;;Security Officer;a.jacobs@example.com;05/27/1982;M;164-89-12;645;377-24-89;435-687-432;a.jacobs;Paris Office;Security Department;;
Wright;45b/37b.jpg;Paul;;Security Officer;p.wright@example.com;05/28/1980;M;167-85-23;476;483-32-65;865-234-165;p.wright;Paris Office;Security Department;;
Presley;b57/38b.jpg;Joshua;;Security Officer;j.presley@example.com;05/29/1986;M;165-87-23;473;275-26-45;864-246-987;j.presley;Paris Office;Security Department;;
Gissing;e33/39b.jpg;Peter;;Security Officer;p.gissing@example.com;05/30/1981;M;376-34-27;463;458-23-74;573-637-678;p.gissing;Paris Office;Security Department;;
Child;f23/200479749-001.gif;Victor;;Security Officer;v.child@example.com;05/31/1980;M;198-37-79;276;473-27-26;472-865-237;v.child;Paris Office;Security Department;;
Scroggs;13b/41b.jpg;Nicholas;;Security Officer;n.scroggs@example.com;06/01/1982;M;177-27-78;487;893-58-95;247-972-285;n.scroggs;Paris Office;Security Department;;
Davis;4ff/43b.jpg;Basil;;Security Officer;b.davis@example.com;06/02/1978;M;468-72-46;248;397-53-76;874-047-865;b.davis;Paris Office;Security Department;;
Witter;31c/200130154-002.gif;Joel;;Lawyer;j.witter@example.com;06/03/1980;M;186-37-86;684;596-23-87;835-286-294;j.witter;Paris Office;Legal Department;;
May;d20/46b.jpg;Joel;;Lawyer;j.may@example.com;06/04/1980;M;170-59-34;863;693-98-46;896-324-932;j.may;Paris Office;Legal Department;;
Bulwer-Lytton;ae2/200267626-001.gif;Basil;;Lawyer;b.bulwer-lytton@example.com;06/05/1983;M;748-27-43;835;873-32-92;582-457-834;b.bulwer-lytton;Paris Office;Legal Department;;
Willingham;5bc/48b.jpg;Stephan;;Lawyer;s.willingham@example.com;06/06/1982;M;286-83-86;942;484-89-43;376-498-335;s.willingham;Paris Office;Legal Department;;
Creswell;2f4/3b.jpg;Gala;;Lawyer;g.creswell@example.com;06/07/1983;F;845-28-23;972;489-65-64;487-976-393;g.creswell;Paris Office;Legal Department;;
Cooke;5f9/4b.jpg;Louise;;Lawyer;l.cooke@example.com;06/08/1983;F;943-73-36;754;872-43-26;734-267-456;l.cooke;Paris Office;Legal Department;;
