LOGIN;IBLOCK_SECTION_NAME_1;IBLOCK_SECTION_NAME_2;IBLOCK_SECTION_NAME_3;IBLOCK_SECTION_NAME_4
v.reznikov;Êàëèíèíãðàäñêèé ôèëèàë;;;
v.reznikov;Êàëèíèíãðàäñêèé ôèëèàë;Àäìèíèñòðàöèÿ;;
e.reshetov;Êàëèíèíãðàäñêèé ôèëèàë;ÈÒ-îòäåë;;
v.safonov;Êàëèíèíãðàäñêèé ôèëèàë;Îòäåë êà÷åñòâà;;
s.sotnichenko;Êàëèíèíãðàäñêèé ôèëèàë;Ïðîèçâîäñòâåííûé îòäåë;;
n.ryabkova;Êàëèíèíãðàäñêèé ôèëèàë;Ôèíàíñîâûé îòäåë;;
v.yarilov;Êàëèíèíãðàäñêèé ôèëèàë;ÈÒ-îòäåë;Ñëóæáà çàùèòû èíôîðìàöèè;
v.yarmolincev;Êàëèíèíãðàäñêèé ôèëèàë;ÈÒ-îòäåë;Ñëóæáà ïðîãðàììíîé ïîääåðæêè;
e.sokolov;Êàëèíèíãðàäñêèé ôèëèàë;ÈÒ-îòäåë;Ñëóæáà òåõíè÷åñêîé ïîääåðæêè;
e.belov;Êàëèíèíãðàäñêèé ôèëèàë;Îòäåë êà÷åñòâà;Îòäåë òåñòèðîâàíèÿ ÏÎ;
v.skosarev;Êàëèíèíãðàäñêèé ôèëèàë;Îòäåë ñëóæáû áåçîïàñíîñòè;;
i.yafarov;Êàëèíèíãðàäñêèé ôèëèàë;Ïðîèçâîäñòâåííûé îòäåë;Êîíñòðóêòîðñêèé ñåêòîð;
m.syroporshnev;Êàëèíèíãðàäñêèé ôèëèàë;Ïðîèçâîäñòâåííûé îòäåë;Ñåêòîð ðàçðàáîòêè ÏÎ;
a.petrova;Êàëèíèíãðàäñêèé ôèëèàë;Ïðîèçâîäñòâåííûé îòäåë;Ñòóäèÿ àóäèî-âèäåîïðîèçâîäñòâà;
g.lomovcev;Êàëèíèíãðàäñêèé ôèëèàë;Ïðîèçâîäñòâåííûé îòäåë;Òåõíîëîãè÷åñêèé ñåêòîð;
d.chernyaeva;Êàëèíèíãðàäñêèé ôèëèàë;Ôèíàíñîâûé îòäåë;Áóõãàëòåðèÿ;
v.yakushova;Êàëèíèíãðàäñêèé ôèëèàë;Ôèíàíñîâûé îòäåë;Îòäåë êîíòðîëüíî-ðåâèçèîííîé ðàáîòû;
i.toporov;Êàëèíèíãðàäñêèé ôèëèàë;Þðèäè÷åñêèé îòäåë;;
m.yackoj;Ìîñêîâñêèé ôèëèàë;IT-äåïàðòàìåíò;Îòäåë  ñèñòåìíûõ ðåøåíèé;
p.lyubimov;Ìîñêîâñêèé ôèëèàë;IT-äåïàðòàìåíò;Îòäåë èíôîðìàöèîííî-óïðàâëÿþùèõ ñèñòåì;
a.zabrodin;Ìîñêîâñêèé ôèëèàë;IT-äåïàðòàìåíò;Îòäåë íîâûõ ïêñ-òåõíîëîãèé;
e.astafev;Ìîñêîâñêèé ôèëèàë;Àíàëèòè÷åñêèé îòäåë;;
d.mitrofanov;Ìîñêîâñêèé ôèëèàë;Äåïàðòàìåíò ìàðêåòèíãà;Îòäåë èíòåðíåò ìàðêåòèíãà;
e.fofanov;Ìîñêîâñêèé ôèëèàë;Äåïàðòàìåíò ìàðêåòèíãà;Îòäåë ïîëèãðàôèè;
a.yanyushin;Ìîñêîâñêèé ôèëèàë;Äåïàðòàìåíò ìàðêåòèíãà;Îòäåë ðåêëàìû;Îòäåë èíòåðíåò ðåêëàìû
a.burmistrov;Ìîñêîâñêèé ôèëèàë;Äåïàðòàìåíò ìàðêåòèíãà;Îòäåë ðåêëàìû;Îòäåë ðàçìåùåíèÿ ðåêëàìû â ÑÌÈ
k.toptygin;Ìîñêîâñêèé ôèëèàë;Äåïàðòàìåíò ìàðêåòèíãà;Ïðåññ-ñëóæáà;
m.illarionov;Ìîñêîâñêèé ôèëèàë;Äåïàðòàìåíò ïî ðàáîòå ñ êëèåíòàìè;Call centre;
a.abramcev;Ìîñêîâñêèé ôèëèàë;Äåïàðòàìåíò ïî ðàáîòå ñ êëèåíòàìè;Îòäåë êëèåíòñêîé ïîääåðæêè;
e.petrushenkova;Ìîñêîâñêèé ôèëèàë;Äåïàðòàìåíò ïî ðàáîòå ñ êëèåíòàìè;Ðàñ÷åòíî-ñåðâèñíûé öåíòð;
o.ovcharenko;Ìîñêîâñêèé ôèëèàë;Äåïàðòàìåíò ïî ðàáîòå ñ êëèåíòàìè;;
v.nazimov;Ìîñêîâñêèé ôèëèàë;Äåïàðòàìåíò ñëóæáû áåçîïàñíîñòè;;
s.bandurin;;;;
s.bandurin;Ìîñêîâñêèé ôèëèàë;;;
s.bandurin;Ìîñêîâñêèé ôèëèàë;Äèðåêöèÿ;;
a.porshnev;Ìîñêîâñêèé ôèëèàë;Ôèíàíñîâûé îòäåë;;
v.tverdohlebova;Ìîñêîâñêèé ôèëèàë;Äåïàðòàìåíò ìàðêåòèíãà;;
d.tihomirov;Ìîñêîâñêèé ôèëèàë;IT-äåïàðòàìåíò;;
s.kadomcev;Ìîñêîâñêèé ôèëèàë;Ôèíàíñîâûé îòäåë;Áóõãàëòåðèÿ;
v.finashkin;Ìîñêîâñêèé ôèëèàë;Ôèíàíñîâûé îòäåë;Îòäåë ïðîäàæ;
m.yanina;Ìîñêîâñêèé ôèëèàë;Þðèäè÷åñêèé îòäåë;;
v.sedov;Íîâîñèáèðñêèé ôèëèàë;;;
v.sedov;Íîâîñèáèðñêèé ôèëèàë;Àäìèíèñòðàöèÿ;;
i.utkin;Íîâîñèáèðñêèé ôèëèàë;Îòäåë êà÷åñòâà;;
s.harin;Íîâîñèáèðñêèé ôèëèàë;Ïðîèçâîäñòâåííûé îòäåë;;
v.sitnik;Íîâîñèáèðñêèé ôèëèàë;ÈÒ-îòäåë;;
a.telenkov;Íîâîñèáèðñêèé ôèëèàë;Ôèíàíñîâûé îòäåë;;
a.zagajnov;Íîâîñèáèðñêèé ôèëèàë;ÈÒ-îòäåë;Ñëóæáà çàùèòû èíôîðìàöèè;
o.kanunnikova;Íîâîñèáèðñêèé ôèëèàë;ÈÒ-îòäåë;Ñëóæáà ïðîãðàììíîé ïîääåðæêè;
v.ladyanov;Íîâîñèáèðñêèé ôèëèàë;ÈÒ-îòäåë;Ñëóæáà òåõíè÷åñêîé ïîääåðæêè;
o.shulga;Íîâîñèáèðñêèé ôèëèàë;Îòäåë êà÷åñòâà;Îòäåë òåñòèðîâàíèÿ ïðîäóêöèè;
t.shumilo;Íîâîñèáèðñêèé ôèëèàë;Îòäåë êà÷åñòâà;Îòäåë òåõíè÷åñêèõ òðåáîâàíèé;
i.edchik;Íîâîñèáèðñêèé ôèëèàë;Îòäåë êà÷åñòâà;Îòäåë ýêñïåðòíîãî çàêëþ÷åíèÿ;
m.telegina;Íîâîñèáèðñêèé ôèëèàë;Îòäåë ìàòåðèàëüíî-òåõíè÷åñêîãî îáåñïå÷åíèÿ;;
a.holzakov;Íîâîñèáèðñêèé ôèëèàë;Îòäåë ñëóæáû áåçîïàñíîñòè;;
e.elsukov;Íîâîñèáèðñêèé ôèëèàë;Ïðîèçâîäñòâåííûé îòäåë;Êîíñòðóêòîðñêèé ñåêòîð;
o.bulaj;Íîâîñèáèðñêèé ôèëèàë;Ïðîèçâîäñòâåííûé îòäåë;Îòäåë äèçàéíà;
t.kuzbekov;Íîâîñèáèðñêèé ôèëèàë;Ïðîèçâîäñòâåííûé îòäåë;Ñåêòîð ðàçðàáîòêè ÏÎ;
o.shandar;Íîâîñèáèðñêèé ôèëèàë;Ïðîèçâîäñòâåííûé îòäåë;Ñòóäèÿ àíèìàöèè;
a.dyakov;Íîâîñèáèðñêèé ôèëèàë;Ïðîèçâîäñòâåííûé îòäåë;Ñòóäèÿ çâóêîçàïèñè;
v.belash;Íîâîñèáèðñêèé ôèëèàë;Ïðîèçâîäñòâåííûé îòäåë;Òåõíîëîãè÷åñêèé ñåêòîð;
o.pogodina;Íîâîñèáèðñêèé ôèëèàë;Ôèíàíñîâûé îòäåë;Áóõãàëòåðèÿ;
v.velichko;Íîâîñèáèðñêèé ôèëèàë;Ôèíàíñîâûé îòäåë;Îòäåë êîíòðîëüíî-ðåâèçèîííîé ðàáîòû;
e.dizhbak;Íîâîñèáèðñêèé ôèëèàë;Þðèäè÷åñêèé îòäåë;;
k.abramov;Ïåòåðáóðãñêèé ôèëèàë;Îòäåë ïî ðàáîòå ñ êëèåíòàìè;;
s.adrova;Ïåòåðáóðãñêèé ôèëèàë;Îòäåë ìàðêåòèíãà;;
n.aznauryan;Ïåòåðáóðãñêèé ôèëèàë;Ôèíàíñîâûé îòäåë;;
v.kondratev;Ïåòåðáóðãñêèé ôèëèàë;;;
m.kornienko;Ïåòåðáóðãñêèé ôèëèàë;Àäìèíèñòðàöèÿ;;
s.krylov;Ïåòåðáóðãñêèé ôèëèàë;Îòäåë ðàçâèòèÿ;;
k.buzdin;Ïåòåðáóðãñêèé ôèëèàë;Îòäåë èíôîðìàöèîííîãî îáåñïå÷åíèÿ;;
d.dedkov;Ïåòåðáóðãñêèé ôèëèàë;Îòäåë ìàðêåòèíãà;Îòäåë Public Relation;
d.zvenkov;Ïåòåðáóðãñêèé ôèëèàë;Îòäåë ìàðêåòèíãà;Îòäåë ðåêëàìû;
d.melnik;Ïåòåðáóðãñêèé ôèëèàë;Îòäåë ïî ðàáîòå ñ êëèåíòàìè;Call centre;
e.starovojtova;Ïåòåðáóðãñêèé ôèëèàë;Îòäåë ïî ðàáîòå ñ êëèåíòàìè;Îòäåë êëèåíòñêîé ïîääåðæêè;
n.belokon;Ïåòåðáóðãñêèé ôèëèàë;Îòäåë ðàçâèòèÿ;Àíàëèòè÷åñêèé îòäåë;
a.lebedev;Ïåòåðáóðãñêèé ôèëèàë;Îòäåë ðàçâèòèÿ;Îòäåë ñòðàòåãè÷åñêîãî ïëàíèðîâàíèÿ;
t.maravina;Ïåòåðáóðãñêèé ôèëèàë;Îòäåë ðàçâèòèÿ;Ýêñïåðòíûé îòäåë;
r.postnikov;Ïåòåðáóðãñêèé ôèëèàë;Îòäåë ñëóæáû áåçîïàñíîñòè;;
a.burkov;Ïåòåðáóðãñêèé ôèëèàë;Ôèíàíñîâûé îòäåë;Áóõãàëòåðèÿ;
a.bushnev;Ïåòåðáóðãñêèé ôèëèàë;Ôèíàíñîâûé îòäåë;Îòäåë ôèíàíñîâîãî ïëàíèðîâàíèÿ;
k.karcev;Ïåòåðáóðãñêèé ôèëèàë;Þðèäè÷åñêèé îòäåë;;
